,ID,Date,User,Tweet,HashTags,Likes,Retweets,MentionUsers,LocationCoordinates,clean_Tweet,Sentiment_Analysis,Positive_Sentiment,Compound_Sentiment Score
0,1592304141795459072,2022-11-14 23:51:05+00:00,MaqagiWonga,"If it pleases the court, your honor ... The defense calls to the stand, Pleasure P  üé•üòÄüéµ

https://t.co/USMc4dog21 

#MondayThoughts #NewMusicMonday #JAX #Jaguars #VyStarArena #gsquaredevents #AtlanticRecords #Atlantic #PleasureP https://t.co/fHV8ZMdjmt","['MondayThoughts', 'NewMusicMonday', 'JAX', 'Jaguars', 'VyStarArena', 'gsquaredevents', 'AtlanticRecords', 'Atlantic', 'PleasureP']",0,0,,,if it pleases court your honor defense calls stand pleasure p,"{'neg': 0.0, 'neu': 0.351, 'pos': 0.649, 'compound': 0.8779}",True,0.8779
1,1592304135700770816,2022-11-14 23:51:04+00:00,JaguarsViews,Doug Pederson Says 'Not Yet' on Internal Competition for Jaguars' Kicker Riley Patterson #JacksonvilleJaguars #Jaguars #Jags #GoJags #JagsFans https://t.co/fQaZMVrjp3,"['JacksonvilleJaguars', 'Jaguars', 'Jags', 'GoJags', 'JagsFans']",0,0,,,doug pederson says not yet internal competition jaguars kicker riley patterson,"{'neg': 0.0, 'neu': 1.0, 'pos': 0.0, 'compound': 0.0}",False,0.0
2,1592288660862689281,2022-11-14 22:49:34+00:00,MonicaNunez___,"summary (Eng/Spa) to follow. research especially relevant to law enforcement agencies &amp; institutions ‚Äútraining the trainers‚Äù such as judges and prosecutors. study focus on #jaguars (‚ù§Ô∏è again) but relevant to all endangered spp illegal trade, which is increasingly moving online",['jaguars'],1,0,,,summary eng spa follow research especially relevant law enforcement agencies amp institutions training trainers such as judges prosecutors study focus again but relevant all endangered spp illegal trade which is increasingly moving online,"{'neg': 0.133, 'neu': 0.867, 'pos': 0.0, 'compound': -0.7096}",False,-0.7096
3,1592287417071198212,2022-11-14 22:44:38+00:00,Way2FengShui,"1. This was a dime.
2. Where‚Äôs the PI?
3. Calvin Ridley catches this‚Ä¶
#Jaguars https://t.co/qgWbUhkC4n",['Jaguars'],0,0,,,1 this was dime 2 where s pi 3 calvin ridley catches this,"{'neg': 0.0, 'neu': 1.0, 'pos': 0.0, 'compound': 0.0}",False,0.0
4,1592285210053599233,2022-11-14 22:35:51+00:00,dfilaroski,"For those who may have missed it, not only did Cisco lay a legal lick on JuJu - he picked up the fumble! (And it was a fumble.) #Jaguars",['Jaguars'],19,0,,,those who may have missed it not only did cisco lay legal lick juju he picked up fumble it was fumble,"{'neg': 0.097, 'neu': 0.837, 'pos': 0.066, 'compound': -0.1779}",False,-0.1779
5,1592280997927604224,2022-11-14 22:19:07+00:00,topfanscorner,"üëâ $152.90 üëà
DJ CHARK AUTOGRAPHED SIGNED JACKSONVILLE JAGUARS SPEED MINI HELMET BECKETT COA @topfanscorner 
#DJ #CHARK #AUTOGRAPHED #SIGNED #JACKSONVILLE #JAGUARS #SPEED #MINI #NFL #Football #NFLfans 

Hurry up to get it for the best price!
https://t.co/6ULJmWBuHa","['DJ', 'CHARK', 'AUTOGRAPHED', 'SIGNED', 'JACKSONVILLE', 'JAGUARS', 'SPEED', 'MINI', 'NFL', 'Football', 'NFLfans']",0,0,"[User(username='topfanscorner', id=1346507248659529745, displayname='topfanscorner', description=None, rawDescription=None, descriptionUrls=None, verified=None, created=None, followersCount=None, friendsCount=None, statusesCount=None, favouritesCount=None, listedCount=None, mediaCount=None, location=None, protected=None, linkUrl=None, linkTcourl=None, profileImageUrl=None, profileBannerUrl=None, label=None)]",,152 90 dj chark autographed signed jacksonville jaguars speed mini helmet beckett coa hurry up get it best price,"{'neg': 0.0, 'neu': 0.811, 'pos': 0.189, 'compound': 0.6369}",True,0.6369
6,1592276506713137152,2022-11-14 22:01:16+00:00,JaguarsViews,"Fantasy football sizzlers, fizzlers: Jaguars' Christian Kirk exploring new territory #JacksonvilleJaguars #Jaguars #Jags #GoJags #JagsFans https://t.co/CMLJTExs0R","['JacksonvilleJaguars', 'Jaguars', 'Jags', 'GoJags', 'JagsFans']",0,1,,,fantasy football sizzlers fizzlers jaguars christian kirk exploring new territory,"{'neg': 0.0, 'neu': 1.0, 'pos': 0.0, 'compound': 0.0}",False,0.0
7,1592273477553520640,2022-11-14 21:49:14+00:00,1010XL,"The #Jaguars are 3-7.

What grade would you give Trevor Lawrence for his play through 10 games in 2022?",['Jaguars'],0,0,,,are 3 7 what grade would you give trevor lawrence his play through 10 games 2022,"{'neg': 0.0, 'neu': 0.844, 'pos': 0.156, 'compound': 0.34}",True,0.34
8,1592268133364293632,2022-11-14 21:28:00+00:00,JaguarsViews,Travis Etienne explains how Chiefs shut down the Jaguars run game #JacksonvilleJaguars #Jaguars #Jags #GoJags #JagsFans https://t.co/EnsBmmipft,"['JacksonvilleJaguars', 'Jaguars', 'Jags', 'GoJags', 'JagsFans']",0,1,,,travis etienne explains how chiefs shut down jaguars run game,"{'neg': 0.0, 'neu': 1.0, 'pos': 0.0, 'compound': 0.0}",False,0.0
9,1592266906895089669,2022-11-14 21:23:08+00:00,SportsGrind_Don,"For the last two weeks, Trevor Lawrence has had the highest PFF grades for the #Jaguars‚Äô offense. He‚Äôs registered an 87.6 and 83.1, respectively, in those games.",['Jaguars'],0,0,,,last two weeks trevor lawrence has had highest pff grades offense he s registered 87 6 83 1 respectively those games,"{'neg': 0.098, 'neu': 0.784, 'pos': 0.118, 'compound': 0.1027}",True,0.1027
10,1592263348196114437,2022-11-14 21:08:59+00:00,Bestmrfootball,"üèà NFL Draft Prospect: Devin Lloyd, LB, Utah with Vincent Turner https://t.co/WP1JpXYerY via @YouTube #jaguars",['jaguars'],0,0,"[User(username='YouTube', id=10228272, displayname='YouTube', description=None, rawDescription=None, descriptionUrls=None, verified=None, created=None, followersCount=None, friendsCount=None, statusesCount=None, favouritesCount=None, listedCount=None, mediaCount=None, location=None, protected=None, linkUrl=None, linkTcourl=None, profileImageUrl=None, profileBannerUrl=None, label=None)]",,nfl draft prospect devin lloyd lb utah with vincent turner via,"{'neg': 0.0, 'neu': 0.82, 'pos': 0.18, 'compound': 0.296}",True,0.296
11,1592261547358883842,2022-11-14 21:01:50+00:00,dripshop_live,"TLaw out of /25 from Select! @777breaks with the üî• pull on Drip üíß

Trevor Lawrence and the Jaguars stand at 3-7 on the season, however, he sports a 13-6 TD/INT ratio and has also tacked on 3 rushing touchdowns. What does TLaw need to do to lead the jags over the hump?

#jaguars https://t.co/w4fSvvfaYw",['jaguars'],1,1,"[User(username='777Breaks', id=1314062971987922944, displayname='777 Breaks', description=None, rawDescription=None, descriptionUrls=None, verified=None, created=None, followersCount=None, friendsCount=None, statusesCount=None, favouritesCount=None, listedCount=None, mediaCount=None, location=None, protected=None, linkUrl=None, linkTcourl=None, profileImageUrl=None, profileBannerUrl=None, label=None)]",,tlaw out 25 select with pull drip trevor lawrence jaguars stand at 3 7 season however he sports 13 6 td int ratio has also tacked 3 rushing touchdowns what does tlaw need do lead jags over hump,"{'neg': 0.0, 'neu': 1.0, 'pos': 0.0, 'compound': 0.0}",False,0.0
12,1592260233854070784,2022-11-14 20:56:37+00:00,RealMBB,"See ya, Hasty. And you have the Bye week to learn the playbook. #Jaguars https://t.co/5xqnWLJjmC",['Jaguars'],0,0,,,see ya hasty you have bye week learn playbook,"{'neg': 0.0, 'neu': 1.0, 'pos': 0.0, 'compound': 0.0}",False,0.0
13,1592253650130595840,2022-11-14 20:30:27+00:00,Demetrius82,"PFF isn't perfect and gets things wrong a lot, but big picture idea for #Jaguars OL yesterday:

11 pressures and 5 sacks allowed. 

Trevor Lawrence had 3 passes batted down at the LOS. He's had 13 total this season, tied for eighth highest in the league. Highest is Allen with 24.",['Jaguars'],45,2,,,pff isnt perfect gets things wrong lot but big picture idea ol yesterday 11 pressures 5 sacks allowed trevor lawrence had 3 passes batted down at los hes had 13 total this season tied eighth highest league highest is allen with 24,"{'neg': 0.159, 'neu': 0.841, 'pos': 0.0, 'compound': -0.7183}",False,-0.7183
14,1592253262895489027,2022-11-14 20:28:55+00:00,1010XL,Frangie Show: What is your main takeaway from the #Jaguars game at Kansas City? https://t.co/15d93a3WGZ,['Jaguars'],5,0,,,frangie show what is your main takeaway game at kansas city,"{'neg': 0.0, 'neu': 1.0, 'pos': 0.0, 'compound': 0.0}",False,0.0
15,1592252051542929408,2022-11-14 20:24:06+00:00,iktriad,Andre Cisco &amp; Tyson Campbell playing really well in Year 2 for the #Jaguars! #nflhu https://t.co/VVwV1IfHQF,"['Jaguars', 'nflhu']",4,1,,,andre cisco amp tyson campbell playing really well year 2,"{'neg': 0.0, 'neu': 0.625, 'pos': 0.375, 'compound': 0.4927}",True,0.4927
16,1592249657606176771,2022-11-14 20:14:35+00:00,_John_Shipley,"Snap count analysis for the #Jaguars vs. Chiefs. 

- Zay Jones cashes in on high snap count
- Chad Muma plays a career-high in snaps while Devin Lloyd plays a career low
- Concerning figure on the DL

 https://t.co/hiAWnhfpoN",['Jaguars'],10,1,,,snap count analysis vs chiefs zay jones cashes high snap count chad muma plays career high snaps while devin lloyd plays career low concerning figure dl,"{'neg': 0.072, 'neu': 0.79, 'pos': 0.137, 'compound': 0.2263}",True,0.2263
17,1592248777464684546,2022-11-14 20:11:05+00:00,JaguarsViews,Travis Etienne explains how Chiefs shut down the Jaguars run game #JacksonvilleJaguars #Jaguars #Jags #GoJags #JagsFan https://t.co/P47TmAVzMk,"['JacksonvilleJaguars', 'Jaguars', 'Jags', 'GoJags', 'JagsFan']",0,0,,,travis etienne explains how chiefs shut down jaguars run game,"{'neg': 0.0, 'neu': 1.0, 'pos': 0.0, 'compound': 0.0}",False,0.0
18,1592247923081109504,2022-11-14 20:07:42+00:00,MiaOBrienTV,"In today‚Äôs availability, Doug Pederson says #Jaguars won‚Äôt be having a kicking competition at this time ‚Äî but the kicks missed by Riley Patterson ‚Äúneed to be made‚Äù

Also pointed to Devin Lloyd possibly hitting a ‚Äúrookie wall.‚Äù Stressed importance of this bye",['Jaguars'],92,10,,,today s availability doug pederson says won t be having kicking competition at this time but kicks missed by riley patterson need be made also pointed devin lloyd possibly hitting rookie wall stressed importance this bye,"{'neg': 0.142, 'neu': 0.723, 'pos': 0.135, 'compound': -0.0772}",False,-0.0772
19,1592246120050458624,2022-11-14 20:00:32+00:00,Bestmrfootball,"üèà NFL Draft Prospect: Travon Walker, DE, Georgia with Vincent Turner https://t.co/guEwCT49XY via @YouTube #jaguars",['jaguars'],0,0,"[User(username='YouTube', id=10228272, displayname='YouTube', description=None, rawDescription=None, descriptionUrls=None, verified=None, created=None, followersCount=None, friendsCount=None, statusesCount=None, favouritesCount=None, listedCount=None, mediaCount=None, location=None, protected=None, linkUrl=None, linkTcourl=None, profileImageUrl=None, profileBannerUrl=None, label=None)]",,nfl draft prospect travon walker de georgia with vincent turner via,"{'neg': 0.0, 'neu': 0.82, 'pos': 0.18, 'compound': 0.296}",True,0.296
20,1592246034536595456,2022-11-14 20:00:11+00:00,JaguarsViews,"Podcast: Big win, ugly hit, milestone sack and TD worthy of a Toney covered in Chiefs podcast #JacksonvilleJaguars #Jaguars #Jags #GoJags #JagsFans https://t.co/T0rXw9E2Q8","['JacksonvilleJaguars', 'Jaguars', 'Jags', 'GoJags', 'JagsFans']",0,0,,,podcast big win ugly hit milestone sack td worthy toney covered chiefs podcast,"{'neg': 0.165, 'neu': 0.5, 'pos': 0.335, 'compound': 0.5267}",True,0.5267
21,1592245300131139584,2022-11-14 19:57:16+00:00,Bestmrfootball,"üèà DW Sports: NFL Draft Prospect, Andre Cisco, Free Safety , Syracuse Uni... https://t.co/uwPAZYfUyb via @YouTube #jaguars",['jaguars'],0,0,"[User(username='YouTube', id=10228272, displayname='YouTube', description=None, rawDescription=None, descriptionUrls=None, verified=None, created=None, followersCount=None, friendsCount=None, statusesCount=None, favouritesCount=None, listedCount=None, mediaCount=None, location=None, protected=None, linkUrl=None, linkTcourl=None, profileImageUrl=None, profileBannerUrl=None, label=None)]",,dw sports nfl draft prospect andre cisco free safety syracuse uni via,"{'neg': 0.0, 'neu': 0.52, 'pos': 0.48, 'compound': 0.8074}",True,0.8074
22,1592244645089931265,2022-11-14 19:54:40+00:00,JoeyJetsNYJ,"#NFL #QBR 15-20 

Tom Brady #Bucs 15th 
Trevor Lawrence  #Jaguars 16th 
Ryan Tannehill #Titans 17th 
Zach Wilson #Jets 18th 
Jimmy G  #49ers 19th 
Kirk Cousins #Vikings 20th https://t.co/q4QrZuE5oZ","['NFL', 'QBR', 'Bucs', 'Jaguars', 'Titans', 'Jets', '49ers', 'Vikings']",1,1,,,15 20 tom brady 15th trevor lawrence 16th ryan tannehill 17th zach wilson 18th jimmy g 19th kirk cousins 20th,"{'neg': 0.0, 'neu': 1.0, 'pos': 0.0, 'compound': 0.0}",False,0.0
23,1592243793826545664,2022-11-14 19:51:17+00:00,JoeyJetsNYJ,"#NFL List of QBs #QBR 

GROWTH for all the young QBs beside Mac jones who‚Äôs regressed 

#TakeFlight #Jets #Bears #Jaguars https://t.co/5QVtcPvAK4","['NFL', 'QBR', 'TakeFlight', 'Jets', 'Bears', 'Jaguars']",14,0,,,list qbs growth all young qbs beside mac jones who s regressed,"{'neg': 0.0, 'neu': 0.794, 'pos': 0.206, 'compound': 0.3818}",True,0.3818
24,1592243668861476864,2022-11-14 19:50:47+00:00,Bestmrfootball,"üèà NFL Draft Prospect: Tyson Campbell, Cornerback, Georgia with Vincent T... https://t.co/Wy3fjNJQhq via @YouTube #jaguars",['jaguars'],0,0,"[User(username='YouTube', id=10228272, displayname='YouTube', description=None, rawDescription=None, descriptionUrls=None, verified=None, created=None, followersCount=None, friendsCount=None, statusesCount=None, favouritesCount=None, listedCount=None, mediaCount=None, location=None, protected=None, linkUrl=None, linkTcourl=None, profileImageUrl=None, profileBannerUrl=None, label=None)]",,nfl draft prospect tyson campbell cornerback georgia with vincent t via,"{'neg': 0.0, 'neu': 0.804, 'pos': 0.196, 'compound': 0.296}",True,0.296
25,1592243480109031424,2022-11-14 19:50:02+00:00,TexansSupporter,Week 10 Reactions |This AFC South Show #73 #texans #colts #titans #jaguars #afcsouth #nfl #reaction #TexansReddit #TexansOpinion #TexansFans #WeAreTexans #TexansFan https://t.co/KMNnmfISOV,"['texans', 'colts', 'titans', 'jaguars', 'afcsouth', 'nfl', 'reaction', 'TexansReddit', 'TexansOpinion', 'TexansFans', 'WeAreTexans', 'TexansFan']",0,0,,,week 10 reactions this afc south show,"{'neg': 0.0, 'neu': 1.0, 'pos': 0.0, 'compound': 0.0}",False,0.0
26,1592243232267706370,2022-11-14 19:49:03+00:00,JaguarsViews,Patrick Mahomes' 4 TD passes lead Chiefs past Jaguars #JacksonvilleJaguars #Jaguars #Jags #GoJags #JagsFans https://t.co/Dnb3WngE5I,"['JacksonvilleJaguars', 'Jaguars', 'Jags', 'GoJags', 'JagsFans']",0,0,,,patrick mahomes 4 td passes lead chiefs past jaguars,"{'neg': 0.0, 'neu': 1.0, 'pos': 0.0, 'compound': 0.0}",False,0.0
27,1592242626484654080,2022-11-14 19:46:39+00:00,zachh312,"Already draft and FA szn for #Jaguars 
There are steps to fixing them... they are team close to winning because they have both the right coach and right QB (still need to see him progress more but his career trajectory is closer to the Josh Allen one)",['Jaguars'],0,0,,,already draft fa szn there are steps fixing them they are team close winning because they have both right coach right qb still need see him progress more but his career trajectory is closer josh allen one,"{'neg': 0.0, 'neu': 0.895, 'pos': 0.105, 'compound': 0.4767}",True,0.4767
28,1592232181908508672,2022-11-14 19:05:09+00:00,JaguarsViews,"Trevor Lawrence 'keeps showing improvement each week,' says Doug Pederson #JacksonvilleJaguars #Jaguars #Jags #GoJags #JagsFan https://t.co/JS8oVZDvUh","['JacksonvilleJaguars', 'Jaguars', 'Jags', 'GoJags', 'JagsFan']",1,0,,,trevor lawrence keeps showing improvement each week says doug pederson,"{'neg': 0.0, 'neu': 0.75, 'pos': 0.25, 'compound': 0.4588}",True,0.4588
29,1592231831461859329,2022-11-14 19:03:45+00:00,clayharbs82,"I‚Äôm week 10 there were two QB‚Äôs on the list of top speed for a ball carrier. 

One was Justin Fields (of course) two was Trevor Lawrence. üëÄ T Law can MOVE. #Jaguars #Bears #DaBears #DUUUVAL","['Jaguars', 'Bears', 'DaBears', 'DUUUVAL']",40,2,,,i m week 10 there were two qb s list top speed ball carrier one was justin fields course two was trevor lawrence t law can move,"{'neg': 0.0, 'neu': 0.924, 'pos': 0.076, 'compound': 0.2023}",True,0.2023
30,1592231701824307201,2022-11-14 19:03:14+00:00,JaguarsViews,"Trevor Lawrence ‚Äòkeeps showing improvement each week,‚Äô says Doug Pederson #JacksonvilleJaguars #Jaguars #Jags #GoJags #JagsFans https://t.co/XMpAJuThz1","['JacksonvilleJaguars', 'Jaguars', 'Jags', 'GoJags', 'JagsFans']",2,0,,,trevor lawrence keeps showing improvement each week says doug pederson,"{'neg': 0.0, 'neu': 0.75, 'pos': 0.25, 'compound': 0.4588}",True,0.4588
31,1592230894407979010,2022-11-14 19:00:02+00:00,1010XL,"Enjoy Monday Madness at @TSmoothieCafe
 with the official smoothie of the #Jaguars - the Duval Delight - made with banana, coconut, pineapple, and lemonade! Just $2.99 at Tropical Smoothie Cafe! https://t.co/8LGiwUEu0s",['Jaguars'],1,0,"[User(username='TSmoothieCafe', id=50392512, displayname='Tropical Smoothie Cafe', description=None, rawDescription=None, descriptionUrls=None, verified=None, created=None, followersCount=None, friendsCount=None, statusesCount=None, favouritesCount=None, listedCount=None, mediaCount=None, location=None, protected=None, linkUrl=None, linkTcourl=None, profileImageUrl=None, profileBannerUrl=None, label=None)]",,enjoy monday madness at with official smoothie duval delight made with banana coconut pineapple lemonade just 2 99 at tropical smoothie cafe,"{'neg': 0.104, 'neu': 0.643, 'pos': 0.254, 'compound': 0.6369}",True,0.6369
32,1592229714638561281,2022-11-14 18:55:20+00:00,theryanmichael,#TrevorLawrence tied the #Jaguars single-season record of (5) games with a PR of 105.0+ (min. 20 attempts). https://t.co/5BQkrK3117,"['TrevorLawrence', 'Jaguars']",1,0,,,tied single season record 5 games with pr 105 0 min 20 attempts,"{'neg': 0.0, 'neu': 1.0, 'pos': 0.0, 'compound': 0.0}",False,0.0
33,1592229447721099264,2022-11-14 18:54:17+00:00,JaguarsViews,"Rutgers in NFL, Week 10: Career day makes up for early mistake by former star #JacksonvilleJaguars #Jaguars #Jags #GoJags #JagsFans https://t.co/SOwvAhYBCq","['JacksonvilleJaguars', 'Jaguars', 'Jags', 'GoJags', 'JagsFans']",0,0,,,rutgers nfl week 10 career day makes up early mistake by former star,"{'neg': 0.167, 'neu': 0.833, 'pos': 0.0, 'compound': -0.34}",False,-0.34
34,1592225637712162816,2022-11-14 18:39:08+00:00,DanDGriffis,Andre Cisco has the 2nd most snaps per target (38.2) and 3rd most snaps per reception (47.8) for a Safety in the NFL. #Jaguars,['Jaguars'],0,0,,,andre cisco has 2nd most snaps per target 38 2 3rd most snaps per reception 47 8 safety nfl,"{'neg': 0.0, 'neu': 0.851, 'pos': 0.149, 'compound': 0.4215}",True,0.4215
35,1592224556462346244,2022-11-14 18:34:51+00:00,aarongoods,#Jaguars Trevor Lawrence was the 3rd highest graded QB in week 10 (PFF) behind Mahomes and Tua. He had a 7.0% ‚Äúbig time throw‚Äù rate and had no turnover worthy plays.,['Jaguars'],12,2,,,trevor lawrence was 3rd highest graded qb week 10 pff behind mahomes tua he had 7 0 big time throw rate had no turnover worthy plays,"{'neg': 0.078, 'neu': 0.747, 'pos': 0.174, 'compound': 0.4019}",True,0.4019
36,1592223827777708032,2022-11-14 18:31:57+00:00,aarongoods,"#Jaguars Andre Cisco earned a PFF grade of 93.0 in week 10, which was the second highest defensive grade in the league (behind Tremaine Edmonds)",['Jaguars'],3,0,,,andre cisco earned pff grade 93 0 week 10 which was second highest defensive grade league behind tremaine edmonds,"{'neg': 0.0, 'neu': 0.939, 'pos': 0.061, 'compound': 0.0258}",True,0.0258
37,1592221635264024576,2022-11-14 18:23:14+00:00,Bestmrfootball,"üèà NFL Draft Prospect: Travis Etienne, RB, Clemson with ""Mr. Football"" Vi... https://t.co/HxiO9p9ihc via @YouTube #jaguars",['jaguars'],0,0,"[User(username='YouTube', id=10228272, displayname='YouTube', description=None, rawDescription=None, descriptionUrls=None, verified=None, created=None, followersCount=None, friendsCount=None, statusesCount=None, favouritesCount=None, listedCount=None, mediaCount=None, location=None, protected=None, linkUrl=None, linkTcourl=None, profileImageUrl=None, profileBannerUrl=None, label=None)]",,nfl draft prospect travis etienne rb clemson with mr football vi via,"{'neg': 0.0, 'neu': 0.833, 'pos': 0.167, 'compound': 0.296}",True,0.296
38,1592219242916716549,2022-11-14 18:13:44+00:00,Bestmrfootball,Is Trevor Lawrence The Best College Quarterback Of All Time? https://t.co/ZLmVWFQ7As via @YouTube #jaguars,['jaguars'],0,0,"[User(username='YouTube', id=10228272, displayname='YouTube', description=None, rawDescription=None, descriptionUrls=None, verified=None, created=None, followersCount=None, friendsCount=None, statusesCount=None, favouritesCount=None, listedCount=None, mediaCount=None, location=None, protected=None, linkUrl=None, linkTcourl=None, profileImageUrl=None, profileBannerUrl=None, label=None)]",,is trevor lawrence best college quarterback all time via,"{'neg': 0.0, 'neu': 0.656, 'pos': 0.344, 'compound': 0.6369}",True,0.6369
39,1592219171336912897,2022-11-14 18:13:27+00:00,Bestmrfootball,üèà 2022 Jacksonville Jaguars Team Preview with Vincent Turner https://t.co/kn27aEumMV via @YouTube #jaguars,['jaguars'],0,0,"[User(username='YouTube', id=10228272, displayname='YouTube', description=None, rawDescription=None, descriptionUrls=None, verified=None, created=None, followersCount=None, friendsCount=None, statusesCount=None, favouritesCount=None, listedCount=None, mediaCount=None, location=None, protected=None, linkUrl=None, linkTcourl=None, profileImageUrl=None, profileBannerUrl=None, label=None)]",,2022 jacksonville jaguars team preview with vincent turner via,"{'neg': 0.0, 'neu': 1.0, 'pos': 0.0, 'compound': 0.0}",False,0.0
40,1592219098221608961,2022-11-14 18:13:09+00:00,Bestmrfootball,üèà Why Trevor Lawrence isn't the top pick in the NFL Draft? https://t.co/8B87DO0Ihz via @YouTube #jaguars,['jaguars'],0,0,"[User(username='YouTube', id=10228272, displayname='YouTube', description=None, rawDescription=None, descriptionUrls=None, verified=None, created=None, followersCount=None, friendsCount=None, statusesCount=None, favouritesCount=None, listedCount=None, mediaCount=None, location=None, protected=None, linkUrl=None, linkTcourl=None, profileImageUrl=None, profileBannerUrl=None, label=None)]",,why trevor lawrence isnt top pick nfl draft via,"{'neg': 0.166, 'neu': 0.834, 'pos': 0.0, 'compound': -0.1511}",False,-0.1511
41,1592215546124275715,2022-11-14 17:59:02+00:00,JaguarsViews,Jaguars vs. Chiefs: Week 10 Snap Count Analysis #JacksonvilleJaguars #Jaguars #Jags #GoJags #JagsFans https://t.co/MIJIf6EMTD,"['JacksonvilleJaguars', 'Jaguars', 'Jags', 'GoJags', 'JagsFans']",0,0,,,jaguars vs chiefs week 10 snap count analysis,"{'neg': 0.0, 'neu': 1.0, 'pos': 0.0, 'compound': 0.0}",False,0.0
42,1592213122840137729,2022-11-14 17:49:25+00:00,ourtradingcards,"When everything breaks your way, you are the #Vikings

When things don't break your way, you are the #Jaguars","['Vikings', 'Jaguars']",0,0,,,when everything breaks your way you are when things dont break your way you are,"{'neg': 0.0, 'neu': 1.0, 'pos': 0.0, 'compound': 0.0}",False,0.0
43,1592212768119468033,2022-11-14 17:48:00+00:00,JaguarsViews,"Rutgers in NFL, Week 10: Career day makes up for early mistake by former star #JacksonvilleJaguars #Jaguars #Jags #GoJags #JagsFans https://t.co/2zQUAmfTig","['JacksonvilleJaguars', 'Jaguars', 'Jags', 'GoJags', 'JagsFans']",0,0,,,rutgers nfl week 10 career day makes up early mistake by former star,"{'neg': 0.167, 'neu': 0.833, 'pos': 0.0, 'compound': -0.34}",False,-0.34
44,1592210000411336706,2022-11-14 17:37:00+00:00,JaguarsViews,KC Chiefs Control Their Own Destiny Following Big Win Over Jacksonville Jaguars #JacksonvilleJaguars #Jaguars #Jags #GoJags #JagsFans https://t.co/qDck7WTm0C,"['JacksonvilleJaguars', 'Jaguars', 'Jags', 'GoJags', 'JagsFans']",0,0,,,kc chiefs control their own destiny following big win over jacksonville jaguars,"{'neg': 0.0, 'neu': 0.743, 'pos': 0.257, 'compound': 0.5859}",True,0.5859
45,1592207231898259456,2022-11-14 17:26:00+00:00,JaguarsViews,Jacksonville vs. First Flight: What you need to know before soccer regional final #JacksonvilleJaguars #Jaguars #Jags #GoJags #JagsFans https://t.co/YwuEfeebUG,"['JacksonvilleJaguars', 'Jaguars', 'Jags', 'GoJags', 'JagsFans']",0,1,,,jacksonville vs first flight what you need know before soccer regional final,"{'neg': 0.0, 'neu': 1.0, 'pos': 0.0, 'compound': 0.0}",False,0.0
46,1592207169784610822,2022-11-14 17:25:45+00:00,JaguarReport,"Snap count analysis for the #Jaguars vs. Chiefs. 

- Zay Jones cashes in on high snap count
- Chad Muma plays a career-high in snaps while Devin Lloyd plays a career low
- Concerning figure on the DL

https://t.co/m2KuFNmOPb",['Jaguars'],1,0,,,snap count analysis vs chiefs zay jones cashes high snap count chad muma plays career high snaps while devin lloyd plays career low concerning figure dl,"{'neg': 0.072, 'neu': 0.79, 'pos': 0.137, 'compound': 0.2263}",True,0.2263
47,1592207119696400384,2022-11-14 17:25:33+00:00,_John_Shipley,"Snap count analysis for the #Jaguars vs. Chiefs. 

- Zay Jones cashes in on high snap count
- Chad Muma plays a career-high in snaps while Devin Lloyd plays a career low
- Concerning figure on the DL

https://t.co/hiAWnhfpoN",['Jaguars'],8,1,,,snap count analysis vs chiefs zay jones cashes high snap count chad muma plays career high snaps while devin lloyd plays career low concerning figure dl,"{'neg': 0.072, 'neu': 0.79, 'pos': 0.137, 'compound': 0.2263}",True,0.2263
48,1592204463640543233,2022-11-14 17:15:00+00:00,JaguarsViews,Patrick Mahomes' 4 TD passes lead Chiefs past Jaguars #JacksonvilleJaguars #Jaguars #Jags #GoJags #JagsFans https://t.co/groKSTtXgM,"['JacksonvilleJaguars', 'Jaguars', 'Jags', 'GoJags', 'JagsFans']",0,0,,,patrick mahomes 4 td passes lead chiefs past jaguars,"{'neg': 0.0, 'neu': 1.0, 'pos': 0.0, 'compound': 0.0}",False,0.0
49,1592203507184336896,2022-11-14 17:11:12+00:00,clayharbs82,"Andrew Cisco graded out at a team high 93% against the Chiefs. That‚Äôs extremely hard for a safety to do against the best coach/QB in the league. 

He‚Äôs been impressive all year and is ranked as a top 20 safety (vis PFF) #Jaguars #Jags https://t.co/Xs7nekWbag","['Jaguars', 'Jags']",18,0,,,andrew cisco graded out at team high 93 against chiefs that s extremely hard safety do against best coach qb league he s been impressive all year is ranked as top 20 safety vis pff,"{'neg': 0.038, 'neu': 0.612, 'pos': 0.35, 'compound': 0.9295}",True,0.9295
50,1592202817053523968,2022-11-14 17:08:27+00:00,Teal_Collective,"Lovin this weather üêÜ

#tealcollective #jaguars #jacksonville #duuuval #florida #vintage #thrifting #nfl #nflgear #fanatics #dtwd #jags #duval #jaguarsvintage #vintagejaguars #904 #boldcity #proplayer https://t.co/yPeCL4VKux","['tealcollective', 'jaguars', 'jacksonville', 'duuuval', 'florida', 'vintage', 'thrifting', 'nfl', 'nflgear', 'fanatics', 'dtwd', 'jags', 'duval', 'jaguarsvintage', 'vintagejaguars', 'boldcity', 'proplayer']",0,0,,,lovin this weather,"{'neg': 0.0, 'neu': 1.0, 'pos': 0.0, 'compound': 0.0}",False,0.0
51,1592201685757460481,2022-11-14 17:03:58+00:00,Ryebread78,Was fun seeing the boys in person for the first time in 10 years yesterday. Not fun = leaving the stadium where everyone is seemingly corralled into one singular tunnel to leave and $17 beers. Still had fun wearing the teal and getting heckled üòÇüòÇüòÇ #Jaguars https://t.co/75CCcZvbIY,['Jaguars'],0,0,,,was fun seeing boys person first time 10 years yesterday not fun leaving stadium where everyone is seemingly corralled into one singular tunnel leave 17 beers still had fun wearing teal getting heckled,"{'neg': 0.03, 'neu': 0.723, 'pos': 0.247, 'compound': 0.8658}",True,0.8658
52,1592201377270595585,2022-11-14 17:02:44+00:00,1010XL,"How would you grade the #Jaguars performance yesterday? 

""You get three turnovers. You get an onside kick.  You get all these things in favor for you. You shouldn't still be down so much,"" @davidgarrard9. Agree with DG?

Full segment of Jags Today:
https://t.co/ERQytUvJ74 https://t.co/4qGFSuFxsO",['Jaguars'],4,0,"[User(username='davidgarrard9', id=62415732, displayname='David Garrard', description=None, rawDescription=None, descriptionUrls=None, verified=None, created=None, followersCount=None, friendsCount=None, statusesCount=None, favouritesCount=None, listedCount=None, mediaCount=None, location=None, protected=None, linkUrl=None, linkTcourl=None, profileImageUrl=None, profileBannerUrl=None, label=None)]",,how would you grade performance yesterday you get three turnovers you get onside kick you get all these things favor you you shouldnt still be down so much agree with dg full segment jags today,"{'neg': 0.0, 'neu': 0.858, 'pos': 0.142, 'compound': 0.6682}",True,0.6682
53,1592198934193385472,2022-11-14 16:53:02+00:00,JaguarsViews,"NFL insider sheds light on possibility of expansion beyond 32 teams, franchise relocation #JacksonvilleJaguars #Jaguars #Jags #GoJags #JagsFootball https://t.co/oAIaLB6ce2","['JacksonvilleJaguars', 'Jaguars', 'Jags', 'GoJags', 'JagsFootball']",0,0,,,nfl insider sheds light possibility expansion beyond 32 teams franchise relocation,"{'neg': 0.0, 'neu': 1.0, 'pos': 0.0, 'compound': 0.0}",False,0.0
54,1592198656387854336,2022-11-14 16:51:55+00:00,1010XL,"Enjoy Monday Madness at @TSmoothieCafe
 with the official smoothie of the #Jaguars - the Duval Delight - made with banana, coconut, pineapple, and lemonade! Just $2.99 at Tropical Smoothie Cafe https://t.co/uRASLBIim1",['Jaguars'],0,0,"[User(username='TSmoothieCafe', id=50392512, displayname='Tropical Smoothie Cafe', description=None, rawDescription=None, descriptionUrls=None, verified=None, created=None, followersCount=None, friendsCount=None, statusesCount=None, favouritesCount=None, listedCount=None, mediaCount=None, location=None, protected=None, linkUrl=None, linkTcourl=None, profileImageUrl=None, profileBannerUrl=None, label=None)]",,enjoy monday madness at with official smoothie duval delight made with banana coconut pineapple lemonade just 2 99 at tropical smoothie cafe,"{'neg': 0.104, 'neu': 0.643, 'pos': 0.254, 'compound': 0.6369}",True,0.6369
55,1592196164312387585,2022-11-14 16:42:01+00:00,JaguarsViews,"Clyde Edwards-Helaire played 4 snaps, had 0 touches in Chiefs‚Äô win over Jaguars #JacksonvilleJaguars #Jaguars #Jags #GoJags #JagsFans https://t.co/0gjBVO0mvY","['JacksonvilleJaguars', 'Jaguars', 'Jags', 'GoJags', 'JagsFans']",0,0,,,clyde edwards helaire played 4 snaps had 0 touches chiefs win over jaguars,"{'neg': 0.0, 'neu': 0.592, 'pos': 0.408, 'compound': 0.7351}",True,0.7351
56,1592196113922420736,2022-11-14 16:41:49+00:00,wjhsd,"Congrats to @TJHSJaguars @SteelCenterCTE Students of the Month for October! Great job, #Jaguars! #WJHSD #WErTJ https://t.co/aqn0KNzjOk","['Jaguars', 'WJHSD', 'WErTJ']",13,2,"[User(username='TJHSJaguars', id=1024692203141181441, displayname='TJHSJaguars', description=None, rawDescription=None, descriptionUrls=None, verified=None, created=None, followersCount=None, friendsCount=None, statusesCount=None, favouritesCount=None, listedCount=None, mediaCount=None, location=None, protected=None, linkUrl=None, linkTcourl=None, profileImageUrl=None, profileBannerUrl=None, label=None), User(username='SteelCenterCTE', id=717771780291760128, displayname='Steel Center', description=None, rawDescription=None, descriptionUrls=None, verified=None, created=None, followersCount=None, friendsCount=None, statusesCount=None, favouritesCount=None, listedCount=None, mediaCount=None, location=None, protected=None, linkUrl=None, linkTcourl=None, profileImageUrl=None, profileBannerUrl=None, label=None)]",,congrats students month october great job,"{'neg': 0.0, 'neu': 0.348, 'pos': 0.652, 'compound': 0.8176}",True,0.8176
57,1592193395203903488,2022-11-14 16:31:01+00:00,JaguarsViews,Coach Andy Reid admits the Chiefs ‚Äògoofed‚Äô on the coin toss before Sunday‚Äôs game #JacksonvilleJaguars #Jaguars #Jags #GoJags #JagsFans https://t.co/mYzcRfowbk,"['JacksonvilleJaguars', 'Jaguars', 'Jags', 'GoJags', 'JagsFans']",0,0,,,coach andy reid admits chiefs goofed coin toss before sunday s game,"{'neg': 0.0, 'neu': 0.82, 'pos': 0.18, 'compound': 0.296}",True,0.296
58,1592190983634096129,2022-11-14 16:21:26+00:00,Johnheine20,"#jaguars #2023NFLdraft it's my opinion that we'd be better off drafting 2 higher end TEs this draft rather than 1 TE and 1WR. That is pending Ridley's reinstatement, of course. https://t.co/tRAyycoPNB","['jaguars', '2023NFLdraft']",1,0,,,its my opinion that wed be better off drafting 2 higher end tes this draft rather than 1 te 1wr that is pending ridleys reinstatement course,"{'neg': 0.0, 'neu': 0.888, 'pos': 0.112, 'compound': 0.4404}",True,0.4404
59,1592190653005299712,2022-11-14 16:20:07+00:00,JaguarsViews,Where Chiefs stand in AFC West after Week 10 #JacksonvilleJaguars #Jaguars #Jags #GoJags #JagsFans https://t.co/CeD7Wv7lqY,"['JacksonvilleJaguars', 'Jaguars', 'Jags', 'GoJags', 'JagsFans']",0,0,,,where chiefs stand afc west after week 10,"{'neg': 0.0, 'neu': 1.0, 'pos': 0.0, 'compound': 0.0}",False,0.0
60,1592190424885727243,2022-11-14 16:19:13+00:00,trilwil92,I think the most disappointing thing about the season is how bad the defense is at times considering how much money/picks the #Jaguars spent on that side of the ball. Will be interesting to see who is still here next year on that side of the ball.,['Jaguars'],29,0,,,i think most disappointing thing about season is how bad defense is at times considering how much money picks spent that side ball will be interesting see who is still here next year that side ball,"{'neg': 0.166, 'neu': 0.735, 'pos': 0.1, 'compound': -0.5849}",False,-0.5849
61,1592187871150096385,2022-11-14 16:09:04+00:00,JaguarsViews,Where the Jaguars Stand Heading Into the Bye Week #JacksonvilleJaguars #Jaguars #Jags #GoJags #JagsFans https://t.co/F8Pm4W09FG,"['JacksonvilleJaguars', 'Jaguars', 'Jags', 'GoJags', 'JagsFans']",0,0,,,where jaguars stand heading into bye week,"{'neg': 0.0, 'neu': 1.0, 'pos': 0.0, 'compound': 0.0}",False,0.0
62,1592185437711663110,2022-11-14 15:59:24+00:00,Ebreo_Travels,#jaguars continue to be on the wrong side of the record books‚Ä¶ #dtwd https://t.co/5QHoqgZomD,"['jaguars', 'dtwd']",0,0,,"Coordinates(longitude=-87.634643, latitude=24.396308)",continue be wrong side record books,"{'neg': 0.383, 'neu': 0.617, 'pos': 0.0, 'compound': -0.4767}",False,-0.4767
63,1592185223663747074,2022-11-14 15:58:33+00:00,CFreemanJAX,"@Demetrius82 Only the third time in #Jaguars history that team lost despite +3 turnover margin. The others:

12/17/2000, 17-14 vs. Bengals (4-1 turnovers, allowed 10 points in last 1:15)

12/13/2009, 14-10 vs. Dolphins (allowed 220 pass yards to future Jag Chad Henne)",['Jaguars'],12,1,"[User(username='Demetrius82', id=15216982, displayname='Demetrius Harvey', description=None, rawDescription=None, descriptionUrls=None, verified=None, created=None, followersCount=None, friendsCount=None, statusesCount=None, favouritesCount=None, listedCount=None, mediaCount=None, location=None, protected=None, linkUrl=None, linkTcourl=None, profileImageUrl=None, profileBannerUrl=None, label=None)]",,only third time history that team lost despite 3 turnover margin others 12 17 2000 17 14 vs bengals 4 1 turnovers allowed 10 points last 1 15 12 13 2009 14 10 vs dolphins allowed 220 pass yards future jag chad henne,"{'neg': 0.057, 'neu': 0.943, 'pos': 0.0, 'compound': -0.3182}",False,-0.3182
64,1592183458276966400,2022-11-14 15:51:32+00:00,jpshadrick,"Get your #Jaguars questions for @TonyBoselli @PriscoCBS @jpshadrick in now!

Best make today‚Äôs Jags Happy Hour show on @1010xl AM and @jaguars, 4pm start reviewing #JAXvsKC 

#DUUUVAL","['Jaguars', 'JAXvsKC', 'DUUUVAL']",8,0,"[User(username='TonyBoselli', id=25490481, displayname='Tony Boselli', description=None, rawDescription=None, descriptionUrls=None, verified=None, created=None, followersCount=None, friendsCount=None, statusesCount=None, favouritesCount=None, listedCount=None, mediaCount=None, location=None, protected=None, linkUrl=None, linkTcourl=None, profileImageUrl=None, profileBannerUrl=None, label=None), User(username='PriscoCBS', id=56411751, displayname='Pete Prisco', description=None, rawDescription=None, descriptionUrls=None, verified=None, created=None, followersCount=None, friendsCount=None, statusesCount=None, favouritesCount=None, listedCount=None, mediaCount=None, location=None, protected=None, linkUrl=None, linkTcourl=None, profileImageUrl=None, profileBannerUrl=None, label=None), User(username='jpshadrick', id=256678708, displayname='J.P. Shadrick', description=None, rawDescription=None, descriptionUrls=None, verified=None, created=None, followersCount=None, friendsCount=None, statusesCount=None, favouritesCount=None, listedCount=None, mediaCount=None, location=None, protected=None, linkUrl=None, linkTcourl=None, profileImageUrl=None, profileBannerUrl=None, label=None), User(username='1010XL', id=22014993, displayname='1010 XL / 92.5 FM', description=None, rawDescription=None, descriptionUrls=None, verified=None, created=None, followersCount=None, friendsCount=None, statusesCount=None, favouritesCount=None, listedCount=None, mediaCount=None, location=None, protected=None, linkUrl=None, linkTcourl=None, profileImageUrl=None, profileBannerUrl=None, label=None), User(username='Jaguars', id=59471027, displayname='Jacksonville Jaguars', description=None, rawDescription=None, descriptionUrls=None, verified=None, created=None, followersCount=None, friendsCount=None, statusesCount=None, favouritesCount=None, listedCount=None, mediaCount=None, location=None, protected=None, linkUrl=None, linkTcourl=None, profileImageUrl=None, profileBannerUrl=None, label=None)]",,get your questions now best make today s jags happy hour show am 4pm start reviewing,"{'neg': 0.0, 'neu': 0.622, 'pos': 0.378, 'compound': 0.836}",True,0.836
65,1592182094935080962,2022-11-14 15:46:07+00:00,clayharbs82,"Brandon Scherff had a ROUGH day against the Chiefs. He graded out at an offensive low 42% (per PFF). 

At his price tag he can‚Äôt afford many more games like this one. #Jaguars #Jags #DUUUVAL https://t.co/ngF813q8rX","['Jaguars', 'Jags', 'DUUUVAL']",17,1,,,brandon scherff had rough day against chiefs he graded out at offensive low 42 per pff at his price tag he can t afford many more games like this one,"{'neg': 0.151, 'neu': 0.767, 'pos': 0.082, 'compound': -0.323}",False,-0.323
66,1592181215981088769,2022-11-14 15:42:37+00:00,NathanDean904,Campbell is our best player on defense and this is after the #Jaguars traded Calais https://t.co/0PSv8boKDa https://t.co/yjQnzGAwx3,['Jaguars'],0,0,,"Coordinates(longitude=-97.928935, latitude=30.127892)",campbell is our best player defense this is after traded calais,"{'neg': 0.0, 'neu': 0.612, 'pos': 0.388, 'compound': 0.6908}",True,0.6908
67,1592181102017675266,2022-11-14 15:42:10+00:00,RealMBB,It's something new every week. #Jaguars https://t.co/5e7UdgjxWN,['Jaguars'],2,0,,,its something new every week,"{'neg': 0.0, 'neu': 1.0, 'pos': 0.0, 'compound': 0.0}",False,0.0
68,1592180753529720834,2022-11-14 15:40:47+00:00,NathanDean904,Being the first to do something in the negative light is a #Jaguars vibe to the fullest https://t.co/HOLUUQ0Mdv,['Jaguars'],0,1,,"Coordinates(longitude=-97.928935, latitude=30.127892)",being first do something negative light is vibe fullest,"{'neg': 0.316, 'neu': 0.684, 'pos': 0.0, 'compound': -0.5719}",False,-0.5719
69,1592179550040956929,2022-11-14 15:36:00+00:00,JaguarsViews,5 studs and duds from the Jaguars' 27-17 loss to the Chiefs #JacksonvilleJaguars #Jaguars #Jags #GoJags #JagsFan https://t.co/aJb6jqUVTx,"['JacksonvilleJaguars', 'Jaguars', 'Jags', 'GoJags', 'JagsFan']",0,0,,,5 studs duds jaguars 27 17 loss chiefs,"{'neg': 0.277, 'neu': 0.723, 'pos': 0.0, 'compound': -0.3182}",False,-0.3182
70,1592178643174043650,2022-11-14 15:32:24+00:00,MarkLaw0113,"I don't know about ya'll, but as much as I hate ""progress"" over victories I can't get too down about the future. Trevor is growing up right before our eyes. Let's keep the big picture! #Jaguars #DUUUVAL @Trevorlawrencee @ESPNdirocco @JohnOehser @_John_Shipley @Demetrius82","['Jaguars', 'DUUUVAL']",84,6,"[User(username='Trevorlawrencee', id=1416537146, displayname='Trevor Lawrence', description=None, rawDescription=None, descriptionUrls=None, verified=None, created=None, followersCount=None, friendsCount=None, statusesCount=None, favouritesCount=None, listedCount=None, mediaCount=None, location=None, protected=None, linkUrl=None, linkTcourl=None, profileImageUrl=None, profileBannerUrl=None, label=None), User(username='ESPNdirocco', id=38250699, displayname='Michael DiRocco', description=None, rawDescription=None, descriptionUrls=None, verified=None, created=None, followersCount=None, friendsCount=None, statusesCount=None, favouritesCount=None, listedCount=None, mediaCount=None, location=None, protected=None, linkUrl=None, linkTcourl=None, profileImageUrl=None, profileBannerUrl=None, label=None), User(username='JohnOehser', id=21979267, displayname='John Oehser', description=None, rawDescription=None, descriptionUrls=None, verified=None, created=None, followersCount=None, friendsCount=None, statusesCount=None, favouritesCount=None, listedCount=None, mediaCount=None, location=None, protected=None, linkUrl=None, linkTcourl=None, profileImageUrl=None, profileBannerUrl=None, label=None), User(username='_John_Shipley', id=797228195007385600, displayname='John Shipley', description=None, rawDescription=None, descriptionUrls=None, verified=None, created=None, followersCount=None, friendsCount=None, statusesCount=None, favouritesCount=None, listedCount=None, mediaCount=None, location=None, protected=None, linkUrl=None, linkTcourl=None, profileImageUrl=None, profileBannerUrl=None, label=None), User(username='Demetrius82', id=15216982, displayname='Demetrius Harvey', description=None, rawDescription=None, descriptionUrls=None, verified=None, created=None, followersCount=None, friendsCount=None, statusesCount=None, favouritesCount=None, listedCount=None, mediaCount=None, location=None, protected=None, linkUrl=None, linkTcourl=None, profileImageUrl=None, profileBannerUrl=None, label=None)]",,i dont know about yall but as much as i hate progress over victories i cant get too down about future trevor is growing up right before our eyes lets keep big picture,"{'neg': 0.134, 'neu': 0.714, 'pos': 0.152, 'compound': -0.0772}",False,-0.0772
71,1592178517110030336,2022-11-14 15:31:54+00:00,frm5020,#jaguars https://t.co/kQKwV1Iz5i,['jaguars'],0,0,,,,"{'neg': 0.0, 'neu': 0.0, 'pos': 0.0, 'compound': 0.0}",False,0.0
72,1592177145140645889,2022-11-14 15:26:27+00:00,GatorBoy904_,How are we not talking about the chiefs playing a PENALTY FREE GAME üôÑü§∑üèº‚Äç‚ôÇÔ∏è #Jaguars #DUUUVAL,"['Jaguars', 'DUUUVAL']",0,0,,,how are we not talking about chiefs playing penalty free game,"{'neg': 0.186, 'neu': 0.497, 'pos': 0.317, 'compound': 0.2732}",True,0.2732
73,1592176781666226181,2022-11-14 15:25:00+00:00,JaguarsViews,"Andre Cisco unpenalized for scary hit to Chiefs' JuJu Smith-Schuster (Syracuse, CNY in the NFL) #JacksonvilleJaguars #Jaguars #Jags #GoJags #JagsFans https://t.co/HR6pefhhAY","['JacksonvilleJaguars', 'Jaguars', 'Jags', 'GoJags', 'JagsFans']",0,0,,,andre cisco unpenalized scary hit chiefs juju smith schuster syracuse cny nfl,"{'neg': 0.225, 'neu': 0.775, 'pos': 0.0, 'compound': -0.4939}",False,-0.4939
74,1592176054159941632,2022-11-14 15:22:07+00:00,frm5020,#jaguars https://t.co/cqqtbkFxSL,['jaguars'],1,0,,,,"{'neg': 0.0, 'neu': 0.0, 'pos': 0.0, 'compound': 0.0}",False,0.0
75,1592174196221689856,2022-11-14 15:14:44+00:00,Demetrius82,"#Jaguars WR Christian Kirk is now at 52 receptions for 679 yards and 7 touchdowns. 

Last player with more receiving TDs in a single season for the Jaguars was DJ Chark Jr. (8) in 2019. 

Before that, it was both Allen Robinson (14) and Allen Hurns (10) in 2015.",['Jaguars'],109,8,,,wr christian kirk is now at 52 receptions 679 yards 7 touchdowns last player with more receiving tds single season jaguars was dj chark jr 8 2019 before that it was both allen robinson 14 allen hurns 10 2015,"{'neg': 0.0, 'neu': 1.0, 'pos': 0.0, 'compound': 0.0}",False,0.0
76,1592174012826030082,2022-11-14 15:14:00+00:00,JaguarsViews,Jaguars‚Äô Doug Pederson: ‚ÄòWe just needed to get Chad Muma in the game‚Äô #JacksonvilleJaguars #Jaguars #Jags #GoJags #JagsFans https://t.co/umhVzSYt3r,"['JacksonvilleJaguars', 'Jaguars', 'Jags', 'GoJags', 'JagsFans']",0,0,,,jaguars doug pederson we just needed get chad muma game,"{'neg': 0.0, 'neu': 1.0, 'pos': 0.0, 'compound': 0.0}",False,0.0
77,1592173660433154048,2022-11-14 15:12:36+00:00,clayharbs82,"Trevor Lawrence and Christian Kirk were the ONLY Jags offensive players w a grade over 63% and they were in the 80s.

Im encouraged by what I‚Äôve seen from these two. #Jaguars #Jags","['Jaguars', 'Jags']",23,3,,,trevor lawrence christian kirk were only jags offensive players w grade over 63 they were 80s im encouraged by what i ve seen these two,"{'neg': 0.113, 'neu': 0.792, 'pos': 0.094, 'compound': -0.128}",False,-0.128
78,1592171441906221059,2022-11-14 15:03:47+00:00,JaguarsViews,Chiefs stock watch: Which players impressed during Week 10 vs. Jaguars #JacksonvilleJaguars #Jaguars #Jags #GoJags #JagsFans https://t.co/nFVd0JOGm1,"['JacksonvilleJaguars', 'Jaguars', 'Jags', 'GoJags', 'JagsFans']",0,0,,,chiefs stock watch which players impressed during week 10 vs jaguars,"{'neg': 0.0, 'neu': 0.763, 'pos': 0.237, 'compound': 0.4767}",True,0.4767
79,1592170992398266368,2022-11-14 15:02:00+00:00,The33rdTeamFB,"The #Jaguars may have lost in Week 10, but they once again showed glimpses of the team they can become in the future

#DUUUVAL","['Jaguars', 'DUUUVAL']",17,1,,,may have lost week 10 but they once again showed glimpses team they can become future,"{'neg': 0.099, 'neu': 0.901, 'pos': 0.0, 'compound': -0.1655}",False,-0.1655
80,1592168592560492544,2022-11-14 14:52:28+00:00,Demetrius82,"""Those kind of hits are not welcome in this game ...""

Chiefs upset after #Jaguars' Cisco's big hit on Smith-Schuster 

https://t.co/QL5LgY7gQ4 via @jaxdotcom",['Jaguars'],11,1,"[User(username='jaxdotcom', id=15572679, displayname='Florida Times-Union', description=None, rawDescription=None, descriptionUrls=None, verified=None, created=None, followersCount=None, friendsCount=None, statusesCount=None, favouritesCount=None, listedCount=None, mediaCount=None, location=None, protected=None, linkUrl=None, linkTcourl=None, profileImageUrl=None, profileBannerUrl=None, label=None)]",,those kind hits are not welcome this game chiefs upset after ciscos big hit smith schuster via,"{'neg': 0.226, 'neu': 0.623, 'pos': 0.151, 'compound': -0.1729}",False,-0.1729
81,1592168483713732608,2022-11-14 14:52:02+00:00,JaguarsViews,Patrick Mahomes' 4 TD passes lead Chiefs past Jaguars #JacksonvilleJaguars #Jaguars #Jags #GoJags #JagsFans https://t.co/JeKgcBBF9j,"['JacksonvilleJaguars', 'Jaguars', 'Jags', 'GoJags', 'JagsFans']",0,0,,,patrick mahomes 4 td passes lead chiefs past jaguars,"{'neg': 0.0, 'neu': 1.0, 'pos': 0.0, 'compound': 0.0}",False,0.0
82,1592165252564934656,2022-11-14 14:39:11+00:00,AndrewErickson_,"#Jaguars

Zay Jones - 94%
Christian Kirk - 92%
Evan Engram - 88%
Travis Etienne - 78%
Marvin Jones - 69%
Chris Manhertz - 27%
JaMycal Hasty- 22%
Jamal Agnew - 11%",['Jaguars'],17,0,,,zay jones 94 christian kirk 92 evan engram 88 travis etienne 78 marvin jones 69 chris manhertz 27 jamycal hasty 22 jamal agnew 11,"{'neg': 0.0, 'neu': 1.0, 'pos': 0.0, 'compound': 0.0}",False,0.0
83,1592163945930014721,2022-11-14 14:34:00+00:00,NFLPOCSolutions,"The @Jaguars are one of nine @NFL teams that have never hired a POC head coach to start a season. Hey  #DUUUVAL, #Jaguars and #NFLTwitter, retweet to raise awareness for the lack of NFL head coach diversity. #Black #Hispanic #SixStepSolution https://t.co/Kq4s1xDqit","['DUUUVAL', 'Jaguars', 'NFLTwitter', 'Black', 'Hispanic', 'SixStepSolution']",0,1,"[User(username='Jaguars', id=59471027, displayname='Jacksonville Jaguars', description=None, rawDescription=None, descriptionUrls=None, verified=None, created=None, followersCount=None, friendsCount=None, statusesCount=None, favouritesCount=None, listedCount=None, mediaCount=None, location=None, protected=None, linkUrl=None, linkTcourl=None, profileImageUrl=None, profileBannerUrl=None, label=None), User(username='NFL', id=19426551, displayname='NFL', description=None, rawDescription=None, descriptionUrls=None, verified=None, created=None, followersCount=None, friendsCount=None, statusesCount=None, favouritesCount=None, listedCount=None, mediaCount=None, location=None, protected=None, linkUrl=None, linkTcourl=None, profileImageUrl=None, profileBannerUrl=None, label=None)]",,are one nine teams that have never hired poc head coach start season hey retweet raise awareness lack nfl head coach diversity,"{'neg': 0.099, 'neu': 0.901, 'pos': 0.0, 'compound': -0.3182}",False,-0.3182
84,1592161658469851139,2022-11-14 14:24:54+00:00,RealMBB,We‚Äôre Houston &amp; Denver wins away from chillin‚Äô at the Bye week at 5-5. It didn‚Äôt need to be this way. #Jaguars,['Jaguars'],8,0,,,we re houston amp denver wins away chillin at bye week at 5 5 it didn t need be this way,"{'neg': 0.0, 'neu': 0.821, 'pos': 0.179, 'compound': 0.5719}",True,0.5719
85,1592160547201748992,2022-11-14 14:20:30+00:00,GeneFrenette,"Maybe after the bye week or more likely in 2023, #Jaguars will find the yin and yang they're clearly missing. When offense is up, defense down and vice versa. Team might be united, but no symmetry on game days. My column: https://t.co/c8HHrpIqxq",['Jaguars'],0,0,,,maybe after bye week or more likely 2023 will find yin yang theyre clearly missing when offense is up defense down vice versa team might be united but no symmetry game days my column,"{'neg': 0.152, 'neu': 0.72, 'pos': 0.129, 'compound': -0.2263}",False,-0.2263
86,1592158678358298625,2022-11-14 14:13:04+00:00,GeneFrenette,"#Jaguars report card: Certainly not a complete failure against KC (except pass rush), but not nearly good enough from any of the units to really be in that game. https://t.co/m4POy6aH5N",['Jaguars'],0,0,,,report card certainly not complete failure against kc except pass rush but not nearly good enough any units really be that game,"{'neg': 0.121, 'neu': 0.74, 'pos': 0.138, 'compound': -0.1426}",False,-0.1426
87,1592154660093280256,2022-11-14 13:57:06+00:00,JaguarsViews,Jaguars' Doug Pederson: 'We just needed to get Chad Muma in the game' #JacksonvilleJaguars #Jaguars #Jags #GoJags #JagsFan https://t.co/z3izZnNIZB,"['JacksonvilleJaguars', 'Jaguars', 'Jags', 'GoJags', 'JagsFan']",0,0,,,jaguars doug pederson we just needed get chad muma game,"{'neg': 0.0, 'neu': 1.0, 'pos': 0.0, 'compound': 0.0}",False,0.0
88,1592153929420525568,2022-11-14 13:54:12+00:00,AmyRoseJax,#Jaguars hangover again. The bad kind from having a bad night as opposed to having a good night but a good hangover. #Duuuval The inconsistency is unbelievable at this point.,"['Jaguars', 'Duuuval']",1,0,,,hangover again bad kind having bad night as opposed having good night but good hangover inconsistency is unbelievable at this point,"{'neg': 0.152, 'neu': 0.505, 'pos': 0.343, 'compound': 0.6908}",True,0.6908
89,1592151866456031238,2022-11-14 13:46:00+00:00,JaguarsViews,Jaguars back to No. 5 in the 2023 NFL Draft order #JacksonvilleJaguars #Jaguars #Jags #GoJags #JagsFans https://t.co/9wAPFJ6HQQ,"['JacksonvilleJaguars', 'Jaguars', 'Jags', 'GoJags', 'JagsFans']",0,0,,,jaguars back no 5 2023 nfl draft order,"{'neg': 0.268, 'neu': 0.732, 'pos': 0.0, 'compound': -0.296}",False,-0.296
90,1592149987504574464,2022-11-14 13:38:32+00:00,TheFFFanatics3,"#Jaguars RB Snap Count

Travis Etienne- 78%
JaMycal Hasty- 22%",['Jaguars'],1,0,,,rb snap count travis etienne 78 jamycal hasty 22,"{'neg': 0.0, 'neu': 1.0, 'pos': 0.0, 'compound': 0.0}",False,0.0
91,1592149759900676096,2022-11-14 13:37:38+00:00,andrewbadillo99,"Trevor Lawrence's touch was noticeably better yesterday. 

- Second Kirk TD.
- Called back TD to Engram.
- Broken up deep ball to Zay.
- Long completion to Marvin. 

IMO 16 took another huge step Sunday. #Jaguars #DUUUVAL","['Jaguars', 'DUUUVAL']",179,14,,,trevor lawrences touch was noticeably better yesterday second kirk td called back td engram broken up deep ball zay long completion marvin imo 16 took another huge step sunday,"{'neg': 0.09, 'neu': 0.758, 'pos': 0.152, 'compound': 0.2732}",True,0.2732
92,1592147496847147008,2022-11-14 13:28:38+00:00,trevorville_,"Where are the Ws?
#Jaguars https://t.co/KeoK5zZ8qP",['Jaguars'],0,0,,,where are ws,"{'neg': 0.0, 'neu': 1.0, 'pos': 0.0, 'compound': 0.0}",False,0.0
93,1592147369457508353,2022-11-14 13:28:08+00:00,GeneFrenette,"When I respectfully asked Josh Allen the touchy question of whether the #Jaguars defense was regressing, he paused and politely replied: ‚ÄúMan, I don‚Äôt know how to answer that one. Next question.‚Äù",['Jaguars'],77,4,,,when i respectfully asked josh allen touchy question whether defense was regressing he paused politely replied man i don t know how answer that one next question,"{'neg': 0.0, 'neu': 0.84, 'pos': 0.16, 'compound': 0.4939}",True,0.4939
94,1592146059291422720,2022-11-14 13:22:55+00:00,RealMBB,"Usually sunshine &amp; rainbows, but Boselli says Travon better figure it out and find some pass-rush moves. Love getting our two first round picks roasted. #Jaguars",['Jaguars'],1,0,,,usually sunshine amp rainbows but boselli says travon better figure it out find some pass rush moves love getting our two first round picks roasted,"{'neg': 0.0, 'neu': 0.652, 'pos': 0.348, 'compound': 0.9144}",True,0.9144
95,1592145984137875458,2022-11-14 13:22:37+00:00,Demetrius82,"#Jaguars snap counts against Chiefs.

LB Chad Muma logged a season -high 25 snaps on defense. His previous high  was 11 snaps against the Houston Texans.

Devin Lloyd logged a season-low 38 snaps. https://t.co/efdo7roxGl",['Jaguars'],28,5,,"Coordinates(longitude=-94.733122, latitude=38.868002)",snap counts against chiefs lb chad muma logged season high 25 snaps defense his previous high was 11 snaps against houston texans devin lloyd logged season low 38 snaps,"{'neg': 0.069, 'neu': 0.882, 'pos': 0.049, 'compound': -0.1531}",False,-0.1531
96,1592145514493083649,2022-11-14 13:20:45+00:00,RealMBB,"Boselli says Lloyd doesn't know where to go, and Foye is sometimes helping him get lined up. Traded up for this. ü§£ #Jaguars",['Jaguars'],1,0,,,boselli says lloyd doesnt know where go foye is sometimes helping him get lined up traded up this,"{'neg': 0.0, 'neu': 0.885, 'pos': 0.115, 'compound': 0.296}",True,0.296
97,1592142666485358592,2022-11-14 13:09:26+00:00,NFLPlayerSnaps,#Jaguars vs Chiefs - Week 10 #NFL #Snapcounts https://t.co/ZVQUJjSSbs,"['Jaguars', 'NFL', 'Snapcounts']",1,0,,,vs chiefs week 10,"{'neg': 0.0, 'neu': 1.0, 'pos': 0.0, 'compound': 0.0}",False,0.0
98,1592140889526247424,2022-11-14 13:02:23+00:00,JaguarsViews,Jaguars back to No. 5 in the 2023 NFL Draft order #JacksonvilleJaguars #Jaguars #Jags #GoJags #JagsFan https://t.co/s02q1y1IQd,"['JacksonvilleJaguars', 'Jaguars', 'Jags', 'GoJags', 'JagsFan']",0,0,,,jaguars back no 5 2023 nfl draft order,"{'neg': 0.268, 'neu': 0.732, 'pos': 0.0, 'compound': -0.296}",False,-0.296
99,1592138279801036801,2022-11-14 12:52:01+00:00,JaguarsViews,Why Chiefs‚Äô Andy Reid started (and stuck with)¬†his rookie RB in breakout vs. Jaguars #JacksonvilleJaguars #Jaguars #Jags #GoJags #JagsFans https://t.co/3diEJujGZV,"['JacksonvilleJaguars', 'Jaguars', 'Jags', 'GoJags', 'JagsFans']",0,0,,,why chiefs andy reid started stuck with his rookie rb breakout vs jaguars,"{'neg': 0.143, 'neu': 0.857, 'pos': 0.0, 'compound': -0.25}",False,-0.25
100,1592136058778812422,2022-11-14 12:43:11+00:00,trilwil92,"If the #Jaguars can squeeze out 2-3 more wins, while being competitive in all of their remaining games, and Trevor continues to improve/look like a franchise QB... that'll be enough to keep me happy with this season, personally.",['Jaguars'],198,5,,,if can squeeze out 2 3 more wins while being competitive all their remaining games trevor continues improve look like franchise qb thatll be enough keep me happy with this season personally,"{'neg': 0.0, 'neu': 0.628, 'pos': 0.372, 'compound': 0.9299}",True,0.9299
101,1592132251630067714,2022-11-14 12:28:03+00:00,GatorBoy904_,I‚Äôm so tired of drafting DL. #DUUUVAL #Jaguars,"['DUUUVAL', 'Jaguars']",0,0,,,i m so tired drafting dl,"{'neg': 0.516, 'neu': 0.484, 'pos': 0.0, 'compound': -0.4927}",False,-0.4927
102,1592093607112368130,2022-11-14 09:54:30+00:00,ThePageOneAsia,Jaguar Land Rover announces its annual holiday service camp from 14th- 19th November 2022 https://t.co/Cmh4h7nco5 #Jaguars #LandRover #servicecamp #vehicle #ElectronicVehicle #technicians,"['Jaguars', 'LandRover', 'servicecamp', 'vehicle', 'ElectronicVehicle', 'technicians']",0,0,,,jaguar land rover announces its annual holiday service camp 14th 19th november 2022,"{'neg': 0.0, 'neu': 0.816, 'pos': 0.184, 'compound': 0.4019}",True,0.4019
103,1592091240954068992,2022-11-14 09:45:06+00:00,JaguarsViews,Patrick Mahomes' 4 TD passes lead Chiefs past Jaguars #JacksonvilleJaguars #Jaguars #Jags #GoJags #JagsFans https://t.co/OUIoVdzXhN,"['JacksonvilleJaguars', 'Jaguars', 'Jags', 'GoJags', 'JagsFans']",1,0,,,patrick mahomes 4 td passes lead chiefs past jaguars,"{'neg': 0.0, 'neu': 1.0, 'pos': 0.0, 'compound': 0.0}",False,0.0
104,1592077405308735489,2022-11-14 08:50:07+00:00,JaguarsViews,Patrick Mahomes' 4 TD passes lead Chiefs past Jaguars #JacksonvilleJaguars #Jaguars #Jags #GoJags #JagsFans https://t.co/KXC299r8aR,"['JacksonvilleJaguars', 'Jaguars', 'Jags', 'GoJags', 'JagsFans']",0,0,,,patrick mahomes 4 td passes lead chiefs past jaguars,"{'neg': 0.0, 'neu': 1.0, 'pos': 0.0, 'compound': 0.0}",False,0.0
105,1592075311382134785,2022-11-14 08:41:48+00:00,boudytechnolog2,"What a revolution in automotive industry!!!!!!!!!!!!!!!!!!!
#Automotive #Automotivedesign #Automobile #Auto #car #Automobil #BMW #Tesla #Mercedes #Jaguars #automotiveindustry https://t.co/naO4LUexfV","['Automotive', 'Automotivedesign', 'Automobile', 'Auto', 'car', 'Automobil', 'BMW', 'Tesla', 'Mercedes', 'Jaguars', 'automotiveindustry']",1,0,,,what revolution automotive industry,"{'neg': 0.0, 'neu': 1.0, 'pos': 0.0, 'compound': 0.0}",False,0.0
106,1592075180808904706,2022-11-14 08:41:17+00:00,TechnologyBoudy,"What a revolution in automotive industry!!!!!!!!!!!!!!!!!!!
#Automotive #Automotivedesign #Automobile #Auto #car #Automobil #BMW #Tesla #Mercedes #Jaguars https://t.co/yMrpbNJKXu","['Automotive', 'Automotivedesign', 'Automobile', 'Auto', 'car', 'Automobil', 'BMW', 'Tesla', 'Mercedes', 'Jaguars']",2,1,,,what revolution automotive industry,"{'neg': 0.0, 'neu': 1.0, 'pos': 0.0, 'compound': 0.0}",False,0.0
107,1592071091648094209,2022-11-14 08:25:02+00:00,BtechTraders,"Tata Motors Sees Profit Rebound On Jaguar Land Rover Boost, Lower Costs
#TataGroup #tatamotors #ratantata #india #Jaguars #LandRover https://t.co/uCAcd1HzCC","['TataGroup', 'tatamotors', 'ratantata', 'india', 'Jaguars', 'LandRover']",0,0,,,tata motors sees profit rebound jaguar land rover boost lower costs,"{'neg': 0.139, 'neu': 0.506, 'pos': 0.354, 'compound': 0.5267}",True,0.5267
108,1592060779053867008,2022-11-14 07:44:03+00:00,JaguarsViews,"Jaguars' Up-Down drill: Pointing out the good, the bad, the ugly from Kansas City Chiefs loss #JacksonvilleJaguars #Jaguars #Jags #GoJags #JagsFans https://t.co/8NGD8NEnqL","['JacksonvilleJaguars', 'Jaguars', 'Jags', 'GoJags', 'JagsFans']",0,0,,,jaguars up down drill pointing out good bad ugly kansas city chiefs loss,"{'neg': 0.433, 'neu': 0.429, 'pos': 0.138, 'compound': -0.7351}",False,-0.7351
109,1592059811122012162,2022-11-14 07:40:12+00:00,FayceSettFett,#jets #jaguars https://t.co/JbvVqgVASg,"['jets', 'jaguars']",2,0,,,,"{'neg': 0.0, 'neu': 0.0, 'pos': 0.0, 'compound': 0.0}",False,0.0
110,1592048186981748736,2022-11-14 06:54:01+00:00,UnSaxon51,"Week 10
The #Rams (3-6) are an absolute mess this year.
Man, the #Jaguars (3-7) have played so much better than their record shows.
I wasn't expecting the #Chargers (5-4) to win their game, but they still somehow got my hopes up and then dashed them at the end.","['Rams', 'Jaguars', 'Chargers']",0,0,,,week 10 3 6 are absolute mess this year man 3 7 have played so much better than their record shows i wasnt expecting 5 4 win their game but they still somehow got my hopes up then dashed them at end,"{'neg': 0.092, 'neu': 0.727, 'pos': 0.181, 'compound': 0.5723}",True,0.5723
111,1592047053466525696,2022-11-14 06:49:31+00:00,JaguarsViews,Patrick Mahomes' 4 TD passes lead Chiefs past Jaguars #JacksonvilleJaguars #Jaguars #Jags #GoJags #JagsFans https://t.co/sEmqYlJZJF,"['JacksonvilleJaguars', 'Jaguars', 'Jags', 'GoJags', 'JagsFans']",0,0,,,patrick mahomes 4 td passes lead chiefs past jaguars,"{'neg': 0.0, 'neu': 1.0, 'pos': 0.0, 'compound': 0.0}",False,0.0
112,1592041392733405184,2022-11-14 06:27:01+00:00,JaguarsViews,NFL Week 10: Giants‚Äô Saquon Barkley looks like a star again; more Sunday lessons #JacksonvilleJaguars #Jaguars #Jags #GoJags https://t.co/a4JjbYZOQR,"['JacksonvilleJaguars', 'Jaguars', 'Jags', 'GoJags']",0,0,,,nfl week 10 giants saquon barkley looks like star again more sunday lessons,"{'neg': 0.0, 'neu': 0.828, 'pos': 0.172, 'compound': 0.3612}",True,0.3612
113,1592039658011398147,2022-11-14 06:20:07+00:00,GeneFrenette,#Jaguars Up-Down drill from Sunday's 27-17 loss to the Kansas City Chiefs: https://t.co/Wc5qk9iKXJ,['Jaguars'],2,0,,,up down drill sundays 27 17 loss kansas city chiefs,"{'neg': 0.204, 'neu': 0.796, 'pos': 0.0, 'compound': -0.3182}",False,-0.3182
114,1592035853240799232,2022-11-14 06:05:00+00:00,JaguarsViews,Patrick Mahomes' 4 TD passes lead Chiefs past Jaguars #JacksonvilleJaguars #Jaguars #Jags #GoJags #JagsFans https://t.co/Vx7Kuu6FED,"['JacksonvilleJaguars', 'Jaguars', 'Jags', 'GoJags', 'JagsFans']",0,0,,,patrick mahomes 4 td passes lead chiefs past jaguars,"{'neg': 0.0, 'neu': 1.0, 'pos': 0.0, 'compound': 0.0}",False,0.0
115,1592033088334221312,2022-11-14 05:54:01+00:00,JaguarsViews,'Are they protecting us?': Chiefs upset after Jaguars' Cisco's big hit on Smith-Schuster #JacksonvilleJaguars #Jaguars #Jags #GoJags #JagsFans https://t.co/lrvqPf6SVc,"['JacksonvilleJaguars', 'Jaguars', 'Jags', 'GoJags', 'JagsFans']",0,0,,,are they protecting us chiefs upset after jaguars ciscos big hit smith schuster,"{'neg': 0.178, 'neu': 0.822, 'pos': 0.0, 'compound': -0.3818}",False,-0.3818
116,1592030316092620800,2022-11-14 05:43:00+00:00,JaguarsViews,"Gene Frenette: Jaguars always talk of complementary football, but rarely do it #JacksonvilleJaguars #Jaguars #Jags #GoJags #JagsFans https://t.co/uxB971HkQM","['JacksonvilleJaguars', 'Jaguars', 'Jags', 'GoJags', 'JagsFans']",1,0,,,gene frenette jaguars always talk complementary football but rarely do it,"{'neg': 0.0, 'neu': 1.0, 'pos': 0.0, 'compound': 0.0}",False,0.0
117,1592027548090777600,2022-11-14 05:32:00+00:00,JaguarsViews,Patrick Mahomes' 4 TD passes lead Chiefs past Jaguars #JacksonvilleJaguars #Jaguars #Jags #GoJags #JagsFans https://t.co/VSlts8NjHl,"['JacksonvilleJaguars', 'Jaguars', 'Jags', 'GoJags', 'JagsFans']",0,0,,,patrick mahomes 4 td passes lead chiefs past jaguars,"{'neg': 0.0, 'neu': 1.0, 'pos': 0.0, 'compound': 0.0}",False,0.0
118,1592026541600694272,2022-11-14 05:28:00+00:00,JaguarsViews,Trevor Tracker 2022: How do Trevor Lawrence's first 10 starts compare to 2021? Here's how #JacksonvilleJaguars #Jaguars #Jags #GoJags #JagsFans https://t.co/Anl1Wpc2cr,"['JacksonvilleJaguars', 'Jaguars', 'Jags', 'GoJags', 'JagsFans']",0,0,,,trevor tracker 2022 how do trevor lawrences first 10 starts compare 2021 heres how,"{'neg': 0.0, 'neu': 1.0, 'pos': 0.0, 'compound': 0.0}",False,0.0
119,1592019252499709952,2022-11-14 04:59:02+00:00,raw_chili,"Welcome back friend 
 
https://t.co/79sJGRCyS8
 
#AmericanFootballConference #AmericanFootballConferenceSouthDivision #Florida #Football #Jacksonville #JacksonvilleJaguars #Jaguars #NationalFootballLeague #NFL https://t.co/61AZyP1mOH","['AmericanFootballConference', 'AmericanFootballConferenceSouthDivision', 'Florida', 'Football', 'Jacksonville', 'JacksonvilleJaguars', 'Jaguars', 'NationalFootballLeague', 'NFL']",0,0,,,welcome back friend,"{'neg': 0.0, 'neu': 0.139, 'pos': 0.861, 'compound': 0.7351}",True,0.7351
120,1592013707256614912,2022-11-14 04:37:00+00:00,JaguarsViews,Kadarius Toney rejuvenated with Chiefs: ‚ÄòI feel like I am right where I need to be‚Äô #JacksonvilleJaguars #Jaguars #Jags #GoJags #JagsFans https://t.co/Je7vbilgri,"['JacksonvilleJaguars', 'Jaguars', 'Jags', 'GoJags', 'JagsFans']",0,0,,,kadarius toney rejuvenated with chiefs i feel like i am right where i need be,"{'neg': 0.0, 'neu': 0.815, 'pos': 0.185, 'compound': 0.3612}",True,0.3612
121,1592011013104480258,2022-11-14 04:26:18+00:00,EagleEyePicks11,"2-4 day.  The ending to that Niners game hurt a bit‚Ä¶ Bad weekend and finish down about 2 units on the week. First losing week in a awhile, it happens.  Back ma√±ana. 

#Buccaneersüí∞
#Jaguarsüí£
#Brownsüí£
#Ramsüí£
#Packersüí∞
#Ninersüí£ https://t.co/NF53ex5Mpe","['Buccaneers', 'Jaguars', 'Browns', 'Rams', 'Packers', 'Niners']",3,0,,,2 4 day ending that niners game hurt bit bad weekend finish down about 2 units week first losing week awhile it happens back ma ana,"{'neg': 0.322, 'neu': 0.678, 'pos': 0.0, 'compound': -0.8591}",False,-0.8591
122,1592005403617144832,2022-11-14 04:04:00+00:00,JaguarsViews,Mahomes throws 4 TD passes as Chiefs beat Jaguars 27-17 #JacksonvilleJaguars #Jaguars #Jags #GoJags #JagsFans https://t.co/Pphu88M7Bh,"['JacksonvilleJaguars', 'Jaguars', 'Jags', 'GoJags', 'JagsFans']",0,0,,,mahomes throws 4 td passes as chiefs beat jaguars 27 17,"{'neg': 0.0, 'neu': 1.0, 'pos': 0.0, 'compound': 0.0}",False,0.0
123,1592004987617280000,2022-11-14 04:02:21+00:00,JohnOehser,"O-Zone Late Night: Chiefs 27, #Jaguars 17

STORY:
https://t.co/nqlfjM3y5U",['Jaguars'],3,0,,,o zone late night chiefs 27 17 story,"{'neg': 0.0, 'neu': 1.0, 'pos': 0.0, 'compound': 0.0}",False,0.0
124,1592004763897692161,2022-11-14 04:01:28+00:00,JohnOehser,"13.#Jaguars HC Doug Pederson: ‚ÄúI believe that our goals are still in front of us. We made it a little bit harder today, but I think if we continue to improve, anything is possible moving forward. ‚Ä¶‚Äù",['Jaguars'],3,0,,,13 hc doug pederson i believe that our goals are still front us we made it little bit harder today but i think if we continue improve anything is possible moving forward,"{'neg': 0.0, 'neu': 0.883, 'pos': 0.117, 'compound': 0.5927}",True,0.5927
125,1592004688446074881,2022-11-14 04:01:10+00:00,JohnOehser,"12.#Jaguars QB Trevor Lawrence: ‚ÄúEverybody believes in what we‚Äôre doing. Everybody believes in where we‚Äôre headed. We know that, but it‚Äôs still frustrating when you feel like you‚Äôre in these games and you don‚Äôt make all the plays you have to make to win them. ‚Ä¶‚Äù",['Jaguars'],3,0,,,12 qb trevor lawrence everybody believes what we re doing everybody believes where we re headed we know that but it s still frustrating when you feel like you re these games you don t make all plays you have make win them,"{'neg': 0.074, 'neu': 0.714, 'pos': 0.211, 'compound': 0.7964}",True,0.7964
126,1592004592874754050,2022-11-14 04:00:47+00:00,JohnOehser,11.#Jaguars WR Christian Kirk: ‚ÄúWe can be a great team. We have to put it together...‚Äù,['Jaguars'],1,0,,,11 wr christian kirk we can be great team we have put it together,"{'neg': 0.0, 'neu': 0.76, 'pos': 0.24, 'compound': 0.6249}",True,0.6249
127,1592004503632547840,2022-11-14 04:00:26+00:00,JohnOehser,"10.#Jaguars RB Travis Etienne ‚Äì the NFL‚Äôs fifth-leading rusher entering Sunday ‚Äì rushed for 45 yards and no touchdowns on 11 carries Sunday, snapping his three-game streak of 100-yard rushing games. ‚Ä¶",['Jaguars'],2,0,,,10 rb travis etienne nfl s fifth leading rusher entering sunday rushed 45 yards no touchdowns 11 carries sunday snapping his three game streak 100 yard rushing games,"{'neg': 0.078, 'neu': 0.922, 'pos': 0.0, 'compound': -0.296}",False,-0.296
128,1592004423865073664,2022-11-14 04:00:07+00:00,JohnOehser,"9.The #Jaguars allowed five sacks Sunday, their third game this season allowing four or more sacks; they have had five games this season allowing no sacks. ‚Ä¶",['Jaguars'],1,0,,,9 allowed five sacks sunday their third game this season allowing four or more sacks they have had five games this season allowing no sacks,"{'neg': 0.087, 'neu': 0.913, 'pos': 0.0, 'compound': -0.296}",False,-0.296
129,1592004354017574912,2022-11-14 03:59:50+00:00,JohnOehser,"8.#Jaguars HC Doug Pederson on QB Trevor Lawrence: ""He played tough and had some big moments out there. He had some big throws. He just keeps showing improvement each week and that is all we can ask for. ‚Ä¶‚Äù",['Jaguars'],3,0,,,8 hc doug pederson qb trevor lawrence he played tough had some big moments out there he had some big throws he just keeps showing improvement each week that is all we can ask,"{'neg': 0.041, 'neu': 0.813, 'pos': 0.146, 'compound': 0.5994}",True,0.5994
130,1592004198328979456,2022-11-14 03:59:13+00:00,JohnOehser,7.#Jaguars QB Trevor Lawrence completed 29 of 40 passes for 259 yards and two touchdowns with no interceptions for a 106.1 rating Sunday ‚Äì his second consecutive 100-plus rating and his fifth such game this season. ‚Ä¶,['Jaguars'],2,0,,,7 qb trevor lawrence completed 29 40 passes 259 yards two touchdowns with no interceptions 106 1 rating sunday his second consecutive 100 plus rating his fifth such game this season,"{'neg': 0.073, 'neu': 0.927, 'pos': 0.0, 'compound': -0.296}",False,-0.296
131,1592003985170276352,2022-11-14 03:58:22+00:00,JohnOehser,"6.The #Jaguars never led against the Kansas City Chiefs Sunday, the first time in 10 games this season they did not lead; the Chiefs‚Äô 10-point margin of victory marked the Jaguars‚Äô first loss by more than a score this season. ‚Ä¶",['Jaguars'],3,0,,,6 never led against kansas city chiefs sunday first time 10 games this season they did not lead chiefs 10 point margin victory marked jaguars first loss by more than score this season,"{'neg': 0.069, 'neu': 0.931, 'pos': 0.0, 'compound': -0.3182}",False,-0.3182
132,1592003871672774656,2022-11-14 03:57:55+00:00,JohnOehser,"5.#Jaguars WR Christian Kirk: ‚ÄúIt just goes back to shooting ourselves in the foot. When you‚Äôre playing a team like this, you can‚Äôt expect to come in and play a crappy first half and try to walk away with a win‚Ä¶‚Äù",['Jaguars'],1,0,,,5 wr christian kirk it just goes back shooting ourselves foot when you re playing team like this you can t expect come play crappy first half try walk away with win,"{'neg': 0.092, 'neu': 0.639, 'pos': 0.269, 'compound': 0.7096}",True,0.7096
133,1592003789493481473,2022-11-14 03:57:36+00:00,JohnOehser,4.#Jaguars QB Trevor Lawrence: ‚ÄúIt‚Äôs hard to overcome when you miss that many opportunities early in the game against a good team‚Ä¶‚Äù,['Jaguars'],2,0,,,4 qb trevor lawrence it s hard overcome when you miss that many opportunities early game against good team,"{'neg': 0.14, 'neu': 0.605, 'pos': 0.256, 'compound': 0.5423}",True,0.5423
134,1592003704529465344,2022-11-14 03:57:15+00:00,JohnOehser,"3.#Jaguars RB Travis Etienne Jr.: ‚ÄúWe left a lot of points out there. That‚Äôs the difference between a win and a loss, us not cashing in on those opportunities. That‚Äôs the reason we lost‚Ä¶‚Äù",['Jaguars'],2,0,,,3 rb travis etienne jr we left lot points out there that s difference between win loss us not cashing those opportunities that s reason we lost,"{'neg': 0.222, 'neu': 0.654, 'pos': 0.124, 'compound': -0.2462}",False,-0.2462
135,1592003623286091776,2022-11-14 03:56:56+00:00,JohnOehser,"2.The #Jaguars scored just seven points off three takeaways Sunday and scored just seven points on five first-half possessions past midfield; HC Doug Pederson: ‚ÄúThat‚Äôs the game for me, it comes down to missed opportunities‚Ä¶‚Äù",['Jaguars'],1,0,,,2 scored just seven points off three takeaways sunday scored just seven points five first half possessions past midfield hc doug pederson that s game me it comes down missed opportunities,"{'neg': 0.069, 'neu': 0.849, 'pos': 0.082, 'compound': 0.1027}",True,0.1027
136,1592003452070084610,2022-11-14 03:56:15+00:00,JohnOehser,"Zone Blitz: Chiefs 27, #Jaguars 17 ...

1.The #Jaguars won the giveaway-takeaway statistic 3-0 and also recovered a game-opening onside kick, but lost for a sixth time in seven games as they enter their Week 11 bye week. ‚Ä¶","['Jaguars', 'Jaguars']",7,2,,,zone blitz chiefs 27 17 1 won giveaway takeaway statistic 3 0 also recovered game opening onside kick but lost sixth time seven games as they enter their week 11 bye week,"{'neg': 0.091, 'neu': 0.836, 'pos': 0.073, 'compound': -0.1531}",False,-0.1531
137,1592002633669165056,2022-11-14 03:53:00+00:00,JaguarsViews,"Chiefs 27, Jaguars 17: Week 10 Loss Shows How Consequential Jacksonville's October Was #JacksonvilleJaguars #Jaguars #Jags #GoJags #JagsFans https://t.co/YBXlBjFouM","['JacksonvilleJaguars', 'Jaguars', 'Jags', 'GoJags', 'JagsFans']",0,0,,,chiefs 27 jaguars 17 week 10 loss shows how consequential jacksonvilles october was,"{'neg': 0.161, 'neu': 0.839, 'pos': 0.0, 'compound': -0.3182}",False,-0.3182
138,1591999865701400576,2022-11-14 03:42:00+00:00,JaguarsViews,Jaguars report card: Nothing about any unit's performance was good enough to beat Chiefs #JacksonvilleJaguars #Jaguars #Jags #GoJags #JagsFans https://t.co/kVdEp6DNuT,"['JacksonvilleJaguars', 'Jaguars', 'Jags', 'GoJags', 'JagsFans']",0,0,,,jaguars report card nothing about any units performance was good enough beat chiefs,"{'neg': 0.0, 'neu': 0.805, 'pos': 0.195, 'compound': 0.4404}",True,0.4404
139,1591997396665384960,2022-11-14 03:32:11+00:00,BenStuartVU,"Serious question‚Ä¶If the Jaguars have a top 3 pick and either of Stroud or Young are available ‚Ä¶.do they take one? 

I‚Äôm very unsure about Lawrence long term. 

#NFL #Jaguars #DUUUVAL","['NFL', 'Jaguars', 'DUUUVAL']",0,0,,,serious question if jaguars have top 3 pick either stroud or young are available do they take one i m very unsure about lawrence long term,"{'neg': 0.141, 'neu': 0.788, 'pos': 0.071, 'compound': -0.2006}",False,-0.2006
140,1591994843399704576,2022-11-14 03:22:03+00:00,SDrady,"Should #Jaguars OLB coach be on the hot seat? Josh Allen seems to have regressed and there hasn't been much development from Walker. Tons of talent to work with, we are told.",['Jaguars'],0,0,,,should olb coach be hot seat josh allen seems have regressed there hasnt been much development walker tons talent work with we are told,"{'neg': 0.0, 'neu': 0.891, 'pos': 0.109, 'compound': 0.4215}",True,0.4215
141,1591992167630872576,2022-11-14 03:11:25+00:00,Jaguars_Jungle_,The #Jaguars currently hold the 5th spot in the 2023 NFL Draft. https://t.co/Vn6iQMRY6Q,['Jaguars'],0,0,,,currently hold 5th spot 2023 nfl draft,"{'neg': 0.0, 'neu': 1.0, 'pos': 0.0, 'compound': 0.0}",False,0.0
142,1591991055746240512,2022-11-14 03:07:00+00:00,GeneFrenette,#Jaguars loss to @chiefs reveals what we've known most of season: there's no yin-yang to this team. https://t.co/c8HHrpIqxq,['Jaguars'],1,1,"[User(username='Chiefs', id=33583496, displayname='Kansas City Chiefs', description=None, rawDescription=None, descriptionUrls=None, verified=None, created=None, followersCount=None, friendsCount=None, statusesCount=None, favouritesCount=None, listedCount=None, mediaCount=None, location=None, protected=None, linkUrl=None, linkTcourl=None, profileImageUrl=None, profileBannerUrl=None, label=None)]",,loss reveals what weve known most season theres no yin yang this team,"{'neg': 0.302, 'neu': 0.698, 'pos': 0.0, 'compound': -0.5809}",False,-0.5809
143,1591989334814904320,2022-11-14 03:00:09+00:00,Demetrius82,"A game of ‚Äúmissed opportunities‚Äù: #Jaguars cant‚Äôt get it done vs. Chiefs, fall 27-17 at Arrowhead:

https://t.co/PQGo7N91fr",['Jaguars'],6,1,,"Coordinates(longitude=-94.733122, latitude=38.868002)",game missed opportunities cant t get it done vs chiefs fall 27 17 at arrowhead,"{'neg': 0.131, 'neu': 0.714, 'pos': 0.155, 'compound': 0.1027}",True,0.1027
144,1591989173132873728,2022-11-14 02:59:31+00:00,CRichardsNbc,Breaking: The Jacksonville #Jaguars have decided to bench Trevor Lawrence for the ‚Äúforeseeable future‚Äù. C.J Beathard to start Week 12. #NFL,"['Jaguars', 'NFL']",4,0,,,breaking jacksonville have decided bench trevor lawrence foreseeable future c j beathard start week 12,"{'neg': 0.0, 'neu': 1.0, 'pos': 0.0, 'compound': 0.0}",False,0.0
145,1591988322607730688,2022-11-14 02:56:08+00:00,nasaraiaht,@JPRJayaPalReddY @Praveen36241041 #Jaguars,['Jaguars'],1,0,"[User(username='JPRJayaPalReddY', id=1525531107361292288, displayname='JPR Jayapal Reddy', description=None, rawDescription=None, descriptionUrls=None, verified=None, created=None, followersCount=None, friendsCount=None, statusesCount=None, favouritesCount=None, listedCount=None, mediaCount=None, location=None, protected=None, linkUrl=None, linkTcourl=None, profileImageUrl=None, profileBannerUrl=None, label=None), User(username='Praveen36241041', id=849556142019817472, displayname='Praveen kumaRRR', description=None, rawDescription=None, descriptionUrls=None, verified=None, created=None, followersCount=None, friendsCount=None, statusesCount=None, favouritesCount=None, listedCount=None, mediaCount=None, location=None, protected=None, linkUrl=None, linkTcourl=None, profileImageUrl=None, profileBannerUrl=None, label=None)]",,,"{'neg': 0.0, 'neu': 0.0, 'pos': 0.0, 'compound': 0.0}",False,0.0
146,1591986961648345090,2022-11-14 02:50:44+00:00,thetolan87,"How does Greenlaw get ejected based on that, but the #Jaguars, Cisco, does it to DEFENSELESS receivers twice on the same drive... Yet doesn't even receive a warning???? https://t.co/qZCa5lxvFL",['Jaguars'],0,0,,,how does greenlaw get ejected based that but cisco does it defenseless receivers twice same drive yet doesnt even receive warning,"{'neg': 0.126, 'neu': 0.771, 'pos': 0.104, 'compound': -0.1396}",False,-0.1396
147,1591986024380522497,2022-11-14 02:47:00+00:00,JaguarsViews,Ex-Giants WR Kadarius Toney breaks out in Chiefs' win over Jaguars #JacksonvilleJaguars #Jaguars #Jags #GoJags #JagsFans https://t.co/DjHSBm7U8L,"['JacksonvilleJaguars', 'Jaguars', 'Jags', 'GoJags', 'JagsFans']",0,0,,,ex giants wr kadarius toney breaks out chiefs win over jaguars,"{'neg': 0.0, 'neu': 0.725, 'pos': 0.275, 'compound': 0.5859}",True,0.5859
148,1591985883829645312,2022-11-14 02:46:27+00:00,Demetrius82,"'Are they protecting us?': Chiefs upset after #Jaguars' Cisco's big hit on Smith-Schuster 

https://t.co/QL5LgY7gQ4 via @jaxdotcom",['Jaguars'],4,0,"[User(username='jaxdotcom', id=15572679, displayname='Florida Times-Union', description=None, rawDescription=None, descriptionUrls=None, verified=None, created=None, followersCount=None, friendsCount=None, statusesCount=None, favouritesCount=None, listedCount=None, mediaCount=None, location=None, protected=None, linkUrl=None, linkTcourl=None, profileImageUrl=None, profileBannerUrl=None, label=None)]",,are they protecting us chiefs upset after ciscos big hit smith schuster via,"{'neg': 0.178, 'neu': 0.822, 'pos': 0.0, 'compound': -0.3818}",False,-0.3818
149,1591983539360251905,2022-11-14 02:37:08+00:00,trilwil92,"Maybe try Devin Lloyd at Edge sometimes? He showed good bend in college when he rushed the QB. Idk man mix it up, the Edges we play aren‚Äôt doing anything anyways. Play him outside, throw Travon inside to rush over guards. I‚Äôm just spitballin‚Äô here. #Jaguars",['Jaguars'],38,2,,,maybe try devin lloyd at edge sometimes he showed good bend college when he rushed qb idk man mix it up edges we play aren t doing anything anyways play him outside throw travon inside rush over guards i m just spitballin here,"{'neg': 0.031, 'neu': 0.798, 'pos': 0.171, 'compound': 0.743}",True,0.743
150,1591983336519782400,2022-11-14 02:36:19+00:00,JohnOehser,"""Our goals are still in front of us...""
-- #Jaguars HC Doug Pederson

STORY:
https://t.co/t5xDPfrZ9v",['Jaguars'],2,0,,,our goals are still front us hc doug pederson story,"{'neg': 0.0, 'neu': 1.0, 'pos': 0.0, 'compound': 0.0}",False,0.0
151,1591983258648150018,2022-11-14 02:36:01+00:00,JaguarsViews,"Special, until they weren't: Jaguars special teams were a mixed bag of big plays, big miscues #JacksonvilleJaguars #Jaguars #Jags #GoJags #JagsFans https://t.co/GazIYMegwq","['JacksonvilleJaguars', 'Jaguars', 'Jags', 'GoJags', 'JagsFans']",0,0,,,special until they werent jaguars special teams were mixed bag big plays big miscues,"{'neg': 0.0, 'neu': 0.598, 'pos': 0.402, 'compound': 0.7506}",True,0.7506
152,1591980494056554496,2022-11-14 02:25:02+00:00,JaguarsViews,Mistakes cost Jaguars in loss to Chiefs #JacksonvilleJaguars #Jaguars #Jags #GoJags #JagsFans https://t.co/uOHBBGyOl7,"['JacksonvilleJaguars', 'Jaguars', 'Jags', 'GoJags', 'JagsFans']",0,0,,,mistakes cost jaguars loss chiefs,"{'neg': 0.615, 'neu': 0.385, 'pos': 0.0, 'compound': -0.5859}",False,-0.5859
153,1591979720354451457,2022-11-14 02:21:57+00:00,HaysCarlyon,The #Jaguars are plus-11 in point differential this season. They are 3-7. The Dolphins are also plus-11. They are 7-3. Cursed.,['Jaguars'],297,29,,,are plus 11 point differential this season they are 3 7 dolphins are also plus 11 they are 7 3 cursed,"{'neg': 0.0, 'neu': 1.0, 'pos': 0.0, 'compound': 0.0}",False,0.0
154,1591978044322988033,2022-11-14 02:15:17+00:00,RealMBB,Mike Caldwell‚Äôd. #Jaguars https://t.co/Jg07InLWxo,['Jaguars'],2,0,,,mike caldwell d,"{'neg': 0.0, 'neu': 1.0, 'pos': 0.0, 'compound': 0.0}",False,0.0
155,1591977719054872576,2022-11-14 02:14:00+00:00,JaguarsViews,Instant analysis of Chiefs' Week 10 win vs. Jaguars #JacksonvilleJaguars #Jaguars #Jags #GoJags #JagsFans https://t.co/JZjH67bweQ,"['JacksonvilleJaguars', 'Jaguars', 'Jags', 'GoJags', 'JagsFans']",0,0,,,instant analysis chiefs week 10 win vs jaguars,"{'neg': 0.0, 'neu': 0.648, 'pos': 0.352, 'compound': 0.5859}",True,0.5859
156,1591976541092999168,2022-11-14 02:09:19+00:00,GeneFrenette,#Jaguars report card: You can't beat the @chiefs with sub-par grades across the board: https://t.co/m4POy6aH5N,['Jaguars'],3,0,"[User(username='Chiefs', id=33583496, displayname='Kansas City Chiefs', description=None, rawDescription=None, descriptionUrls=None, verified=None, created=None, followersCount=None, friendsCount=None, statusesCount=None, favouritesCount=None, listedCount=None, mediaCount=None, location=None, protected=None, linkUrl=None, linkTcourl=None, profileImageUrl=None, profileBannerUrl=None, label=None)]",,report card you cant beat with sub par grades across board,"{'neg': 0.0, 'neu': 1.0, 'pos': 0.0, 'compound': 0.0}",False,0.0
157,1591973450952118274,2022-11-14 01:57:02+00:00,JvilleJaguars,"Lawrence has already topped his rookie year passing TD total, has greatly improved his comp %, QBR and rating, INTs are down

#Jaguars QB is having the second year you wanted to see",['Jaguars'],3,1,,,lawrence has already topped his rookie year passing td total has greatly improved his comp qbr rating ints are down qb is having second year you wanted see,"{'neg': 0.0, 'neu': 0.888, 'pos': 0.112, 'compound': 0.5256}",True,0.5256
158,1591973133006897154,2022-11-14 01:55:46+00:00,JohnOehser,"""We left a lot of points out there...""

#Jaguars 

STORY:
https://t.co/E4FBLqhEbI",['Jaguars'],2,0,,,we left lot points out there story,"{'neg': 0.0, 'neu': 1.0, 'pos': 0.0, 'compound': 0.0}",False,0.0
159,1591973027214131200,2022-11-14 01:55:21+00:00,_John_Shipley,"My takes on the #Jaguars Week 10 loss. 

A good performance from Trevor Lawrence, something to build on for Christian Kirk, and an out-of-character Sunday for Doug Pederson  https://t.co/yN8S1UkmmR",['Jaguars'],13,2,,,my takes week 10 loss good performance trevor lawrence something build christian kirk out character sunday doug pederson,"{'neg': 0.108, 'neu': 0.755, 'pos': 0.137, 'compound': 0.1531}",True,0.1531
160,1591972188256509953,2022-11-14 01:52:01+00:00,JaguarsViews,"Trevor Lawrence isn't winning yet, but at least he's losing a little better #JacksonvilleJaguars #Jaguars #Jags #GoJags #JagsFans https://t.co/APKQulpxJo","['JacksonvilleJaguars', 'Jaguars', 'Jags', 'GoJags', 'JagsFans']",0,0,,,trevor lawrence isnt winning yet but at least hes losing little better,"{'neg': 0.299, 'neu': 0.509, 'pos': 0.193, 'compound': -0.221}",False,-0.221
161,1591972045205737473,2022-11-14 01:51:27+00:00,JvilleJaguars,"Despite #Jaguars gradually getting better, still think they end up top 10 draft pick and could easily go another Georgia defensive player in Carter or Ringo",['Jaguars'],2,0,,,despite gradually getting better still think they end up top 10 draft pick could easily go another georgia defensive player carter or ringo,"{'neg': 0.09, 'neu': 0.711, 'pos': 0.198, 'compound': 0.2249}",True,0.2249
162,1591970315026198529,2022-11-14 01:44:35+00:00,SmolaDS,"#Jaguars Week 10 RB opportunities (carries + targets):

Travis Etienne - 14
JaMycal Hasty - 3",['Jaguars'],5,0,,,week 10 rb opportunities carries targets travis etienne 14 jamycal hasty 3,"{'neg': 0.0, 'neu': 0.794, 'pos': 0.206, 'compound': 0.3818}",True,0.3818
163,1591969414911492097,2022-11-14 01:41:00+00:00,JaguarsViews,"Chiefs 27, Jaguars 17: Jacksonville can't keep up at Arrowhead #JacksonvilleJaguars #Jaguars #Jags #GoJags #JagsFans https://t.co/u1Ni2NcF24","['JacksonvilleJaguars', 'Jaguars', 'Jags', 'GoJags', 'JagsFans']",0,0,,,chiefs 27 jaguars 17 jacksonville cant keep up at arrowhead,"{'neg': 0.0, 'neu': 1.0, 'pos': 0.0, 'compound': 0.0}",False,0.0
164,1591966649288392705,2022-11-14 01:30:01+00:00,JaguarsViews,Chiefs lead Jaguars 20-7 at halftime #JacksonvilleJaguars #Jaguars #Jags #GoJags #JagsFans https://t.co/9a8fen75LT,"['JacksonvilleJaguars', 'Jaguars', 'Jags', 'GoJags', 'JagsFans']",0,0,,,chiefs lead jaguars 20 7 at halftime,"{'neg': 0.0, 'neu': 1.0, 'pos': 0.0, 'compound': 0.0}",False,0.0
165,1591963150420963329,2022-11-14 01:16:06+00:00,EverettJE,@MiaOBrienTV is this the first game of the season that #Jaguars loss by more than one possession?,['Jaguars'],0,0,"[User(username='MiaOBrienTV', id=3306324576, displayname=""Mia O'Brien"", description=None, rawDescription=None, descriptionUrls=None, verified=None, created=None, followersCount=None, friendsCount=None, statusesCount=None, favouritesCount=None, listedCount=None, mediaCount=None, location=None, protected=None, linkUrl=None, linkTcourl=None, profileImageUrl=None, profileBannerUrl=None, label=None)]",,is this first game season that loss by more than one possession,"{'neg': 0.173, 'neu': 0.827, 'pos': 0.0, 'compound': -0.3182}",False,-0.3182
166,1591962140205801473,2022-11-14 01:12:06+00:00,EverettJE,@MySportsUpdate Try being a #Jaguars player or fan the past 10yrs... https://t.co/B18gNb0IbJ,['Jaguars'],4,1,"[User(username='MySportsUpdate', id=1312367672, displayname='Ari Meirov', description=None, rawDescription=None, descriptionUrls=None, verified=None, created=None, followersCount=None, friendsCount=None, statusesCount=None, favouritesCount=None, listedCount=None, mediaCount=None, location=None, protected=None, linkUrl=None, linkTcourl=None, profileImageUrl=None, profileBannerUrl=None, label=None)]",,try being player or fan past 10yrs,"{'neg': 0.0, 'neu': 0.723, 'pos': 0.277, 'compound': 0.3182}",True,0.3182
167,1591957945486639106,2022-11-14 00:55:26+00:00,DaBeardedTrader,Hey @dallascowboys if I wanted to be a #Jaguars fan I‚Äôd just watch them play.  More penalties than yards it feels like. Just a damned shameful performance. https://t.co/pRHj6nq9wJ,['Jaguars'],1,0,"[User(username='dallascowboys', id=8824902, displayname='Dallas Cowboys', description=None, rawDescription=None, descriptionUrls=None, verified=None, created=None, followersCount=None, friendsCount=None, statusesCount=None, favouritesCount=None, listedCount=None, mediaCount=None, location=None, protected=None, linkUrl=None, linkTcourl=None, profileImageUrl=None, profileBannerUrl=None, label=None)]",,hey if i wanted be fan i d just watch them play more penalties than yards it feels like just damned shameful performance,"{'neg': 0.207, 'neu': 0.536, 'pos': 0.257, 'compound': 0.1027}",True,0.1027
168,1591955321076916224,2022-11-14 00:45:00+00:00,brantamediacom,"Big Cat Facts: Jaguar 

https://t.co/xD5WaDKIhN 

#Animals  #Wildlife  #Cats  #BigCats  #Jaguars  #Jaguar","['Animals', 'Wildlife', 'Cats', 'BigCats', 'Jaguars', 'Jaguar']",1,6,,,big cat facts jaguar,"{'neg': 0.0, 'neu': 1.0, 'pos': 0.0, 'compound': 0.0}",False,0.0
169,1591954506144940032,2022-11-14 00:41:46+00:00,MiaOBrienTV,"Dawuane Smoot says the #Jaguars pass rush / D-Line is not frustrated 

‚ÄúWe just gotta rush together‚Äù https://t.co/WGnHooMkFV",['Jaguars'],14,3,,,dawuane smoot says pass rush d line is not frustrated we just gotta rush together,"{'neg': 0.0, 'neu': 0.824, 'pos': 0.176, 'compound': 0.4168}",True,0.4168
170,1591951902987665408,2022-11-14 00:31:25+00:00,SSN_GOD_,@MiaOBrienTV Tired of Moral Victories. Trevor Lawrence has yet to play a dominant game Wire-to-wire. #Jaguars #NFL #DUUUVAL #JAXvsKC,"['Jaguars', 'NFL', 'DUUUVAL', 'JAXvsKC']",1,0,"[User(username='MiaOBrienTV', id=3306324576, displayname=""Mia O'Brien"", description=None, rawDescription=None, descriptionUrls=None, verified=None, created=None, followersCount=None, friendsCount=None, statusesCount=None, favouritesCount=None, listedCount=None, mediaCount=None, location=None, protected=None, linkUrl=None, linkTcourl=None, profileImageUrl=None, profileBannerUrl=None, label=None)]",,tired moral victories trevor lawrence has yet play dominant game wire wire,"{'neg': 0.19, 'neu': 0.654, 'pos': 0.157, 'compound': -0.128}",False,-0.128
171,1591949021245222914,2022-11-14 00:19:58+00:00,JaguarKnowledge,"Tyson Campbell (Jaguars)
&amp; Christian Gonzalez (Oregon)

Jaguars 2023 New Lockdown Cornerbacks?

#Jaguars | #DUUUVAL https://t.co/EMarNobtXs","['Jaguars', 'DUUUVAL']",2,1,,,tyson campbell jaguars amp christian gonzalez oregon jaguars 2023 new lockdown cornerbacks,"{'neg': 0.0, 'neu': 1.0, 'pos': 0.0, 'compound': 0.0}",False,0.0
172,1591947510859403265,2022-11-14 00:13:58+00:00,zachh312,The #Jaguars bring in a super bowl winning head coach and they are 3-7 while the Colts bring a person in with no college or nfl coaching experience and he gets his first win one week into the job... im tired of this bullshit,['Jaguars'],0,0,,,bring super bowl winning head coach they are 3 7 while colts bring person with no college or nfl coaching experience he gets his first win one week into job im tired this bullshit,"{'neg': 0.206, 'neu': 0.557, 'pos': 0.238, 'compound': 0.3612}",True,0.3612
173,1591947268940304384,2022-11-14 00:13:00+00:00,JaguarsViews,NFL standings: Titans extend AFC South lead over Jaguars #JacksonvilleJaguars #Jaguars #Jags #GoJags #JagsFan https://t.co/03SZxknslC,"['JacksonvilleJaguars', 'Jaguars', 'Jags', 'GoJags', 'JagsFan']",0,0,,,nfl standings titans extend afc south lead over jaguars,"{'neg': 0.0, 'neu': 0.825, 'pos': 0.175, 'compound': 0.1779}",True,0.1779
174,1591946928161705984,2022-11-14 00:11:39+00:00,MiaOBrienTV,"Doug Pederson once again stressed today was a ‚Äúlearning opportunity‚Äù for #Jaguars 

I asked Cam Robinson if ‚Äúlearning‚Äù ever isn‚Äôt enough

‚ÄúI think we‚Äôve ‚Äòlearned‚Äô enough‚Ä¶ time to develop that killer mentality toward the end of the game‚Äù https://t.co/YM9ZVfdnBk",['Jaguars'],131,4,,,doug pederson once again stressed today was learning opportunity i asked cam robinson if learning ever isn t enough i think we ve learned enough time develop that killer mentality toward end game,"{'neg': 0.184, 'neu': 0.74, 'pos': 0.077, 'compound': -0.5994}",False,-0.5994
175,1591946905872781312,2022-11-14 00:11:33+00:00,MattsMusings1,Al would have him in witness protection after losing to the #Jaguars and Jeff Saturday in back to back weeks https://t.co/gYZO9DHqVV,['Jaguars'],1,0,,,al would have him witness protection after losing jeff saturday back back weeks,"{'neg': 0.178, 'neu': 0.822, 'pos': 0.0, 'compound': -0.3818}",False,-0.3818
176,1591946490439680001,2022-11-14 00:09:54+00:00,frm5020,#jaguars https://t.co/X8jKlTSGUk,['jaguars'],0,0,,,,"{'neg': 0.0, 'neu': 0.0, 'pos': 0.0, 'compound': 0.0}",False,0.0
177,1591945720877256704,2022-11-14 00:06:51+00:00,MikeHerndonNFL,"AFC South standings through week 10

#Titans 6-3 (3-0)
#Colts 4-5-1 (1-3-1)
#Jaguars 3-7 (1-2)
#Texans 1-7-1 (1-1-1)","['Titans', 'Colts', 'Jaguars', 'Texans']",306,19,,,afc south standings through week 10 6 3 3 0 4 5 1 1 3 1 3 7 1 2 1 7 1 1 1 1,"{'neg': 0.0, 'neu': 1.0, 'pos': 0.0, 'compound': 0.0}",False,0.0
178,1591945474126319622,2022-11-14 00:05:52+00:00,BBFFMikey,"Who has the best uniforms in the AFC South?

#Colts #Jaguars #Texans #Titans","['Colts', 'Jaguars', 'Texans', 'Titans']",1,2,,,who has best uniforms afc south,"{'neg': 0.0, 'neu': 0.543, 'pos': 0.457, 'compound': 0.6369}",True,0.6369
179,1591945326348353539,2022-11-14 00:05:17+00:00,JohnOehser,"Key plays: Chiefs 27, #Jaguars 17

""That's the game for me; it comes down to missed opportunities...""
-- #Jaguars Head Coach Doug Pederson

STORY:
https://t.co/pyM7rbilby","['Jaguars', 'Jaguars']",1,0,,,key plays chiefs 27 17 thats game me it comes down missed opportunities head coach doug pederson story,"{'neg': 0.101, 'neu': 0.688, 'pos': 0.211, 'compound': 0.34}",True,0.34
180,1591945287957970945,2022-11-14 00:05:08+00:00,Redlandsnole11,So the Jaguars had a touchdown negated bc of an illegal lineman downfield. We were on the 4 yard line. You can't make this shit up. #Jaguars,['Jaguars'],5,0,,,so jaguars had touchdown negated bc illegal lineman downfield we were 4 yard line you cant make this shit up,"{'neg': 0.316, 'neu': 0.684, 'pos': 0.0, 'compound': -0.8338}",False,-0.8338
181,1591944589685841920,2022-11-14 00:02:21+00:00,JaguarsViews,"Chiefs 27, Jaguars 17: Jacksonville can't keep up at Arrowhead #JacksonvilleJaguars #Jaguars #Jags #GoJags #JagsFan https://t.co/YB1y2MfsES","['JacksonvilleJaguars', 'Jaguars', 'Jags', 'GoJags', 'JagsFan']",1,0,,,chiefs 27 jaguars 17 jacksonville cant keep up at arrowhead,"{'neg': 0.0, 'neu': 1.0, 'pos': 0.0, 'compound': 0.0}",False,0.0
